公園コード,公園名,区名,地番又は住所,種別,最終開設面積（ha）,緯度,経度
1105001,宝来運動公園,西区,大字宝来2022-1,運動,5.42,35.93349,139.54958
1101062,荒工第１公園,西区,大字飯田新田250-29,街区,0.04,35.88691,139.55608
1101063,荒工第２公園,西区,大字飯田新田244-7,街区,0.03,35.88679,139.55665
1101055,峰岸北公園,西区,大字峰岸83-8,街区,0.04,35.93251339166667,139.55680139722224
1101068,大宮石橋公園,西区,大字宝来1133-10,街区,0.01,35.91973792222222,139.55758740277778
1141002,穂積神社児童遊園,西区,大字峰岸字南14番５,民間,0.1,35.92946,139.55762
1101035,大宮宝来ハイツ公園,西区,大字宝来1760-11,街区,0.03,35.91848044722222,139.55871766666667
1101083,滝沼宝来広場,西区,大字宝来2172-8,街区,0.06,35.91894,139.55926
1101042,宝来公園,西区,大字宝来1761-3,街区,0.01,35.918165249999994,139.5592684638889
1101069,前公園,西区,大字飯田新田91-9,街区,0.03,35.88792491666667,139.55935021944447
1101030,中宝来公園,西区,大字宝来1280-1,街区,0.03,35.92287,139.55996
1121001,西遊馬公園,西区,大字西遊馬3433-1,都緑,8.84,35.90441,139.56073
1101002,塚本公園,西区,塚本町２丁目152,街区,0.13,35.87641020833333,139.56084698055557
1101014,葭野公園,西区,大字宝来1399,街区,0.2,35.919953625,139.56222453055557
1141001,下宝来児童遊園,西区,宝来1565‐1,民間,0.11,35.91794,139.56248
1101101,平方領々家公園,西区,大字平方領々家字滝沼925-39,街区,0.05,35.92568,139.56254
1101058,佐沼公園,西区,塚本町２丁目77-1,街区,0.15,35.87634493888889,139.56367735555557
1101077,西遊馬北公園,西区,大字西遊馬1556-5,街区,0.03,35.91162084166667,139.56448928055556
1101011,住友２号公園,西区,大字指扇領別所382-110,街区,0.02,35.922740425,139.56461709444446
1101019,秋葉神社公園,西区,大字中釘806,街区,0.1,35.930484125,139.56481774722224
1101081,指扇広場,西区,大字高木85-4,街区,0.11,35.92311493611111,139.5648219388889
1101060,根貝戸公園,西区,大字高木91-4,街区,0.03,35.92357673611111,139.56516578333336
1104002,秋葉の森総合公園,西区,大字中釘1241-1,総合,10.37,35.935297,139.566423
1101027,住友１号公園,西区,大字指扇領別所380-11,街区,0.09,35.92199343888888,139.56665533055556
1101065,赤羽根第１公園,西区,大字指扇2617-2,街区,0.03,35.91639686944444,139.56669007222223
1101028,中釘公園,西区,大字中釘1443,街区,0.23,35.93565130833333,139.567421
1101012,住友３号公園,西区,大字高木7-7,街区,0.08,35.92352584722222,139.56749159166665
1101020,大宮土屋ハイツ公園,西区,大字土屋（元佐知川分）1752-5,街区,0.06,35.91284,139.56833
1101048,宮脇公園,西区,大字指扇領別所109-99,街区,0.1,35.92230893888889,139.5688712777778
1101010,土屋公園,西区,大字土屋217,街区,0.2,35.90979,139.57007
1101016,永昌寺公園,西区,大字中釘1698,街区,0.07,35.936730049999994,139.57054812222222
1101057,指扇団地公園,西区,大字高木300-31,街区,0.02,35.92495183055555,139.57063829166665
1101029,ハイマート大宮公園,西区,大字高木370-3,街区,0.02,35.924615636111106,139.57072262777777
1101076,鎮守西公園,西区,大字指扇2812-10,街区,0.02,35.916598638888885,139.57150591666667
1101089,土屋南公園,西区,大字土屋120-7,街区,0.02,35.90755232777778,139.57197013333334
1141004,赤羽根児童遊園,西区,大字指扇2811,民間,0.1,35.91604,139.57207
1101041,指扇台西公園,西区,大字指扇2856-255,街区,0.01,35.91820417222222,139.57212102777777
1101015,琵琶島公園,西区,大字指扇2285,街区,0.14,35.91304,139.57244
1141003,上郷児童遊園,西区,大字指扇４３１９－１,民間,0.06,35.92166,139.57256
1101073,鎮守公園,西区,大字指扇2826-3,街区,0.02,35.917393330555555,139.57278342222222
1101040,指扇台東公園,西区,大字指扇2856-245,街区,0.03,35.91856839444444,139.572947775
1101095,西大宮２丁目第一公園,西区,西大宮2丁目15-1,街区,0.08,35.92604963055555,139.57298741111111
1101070,琵琶島東公園,西区,大字指扇2319-8,街区,0.02,35.91259,139.57369
1101096,西大宮２丁目第二公園,西区,西大宮2丁目32-10,街区,0.1,35.930271013888884,139.5739837222222
1101037,すずらん公園,西区,大字指扇2398-136,街区,0.03,35.914140675,139.57415150277777
1101026,プラザ３号公園,西区,プラザ339-25,街区,0.08,35.90990588611111,139.5741711861111
1101046,やよい公園,西区,大字指扇1958-143,街区,0.11,35.91499,139.57469
1101094,西大宮１丁目第二公園,西区,西大宮1丁目43-2,街区,0.08,35.92367898888889,139.57500977222222
1101078,高木天神南公園,西区,大字高木1469-27,街区,0.02,35.93586,139.57512
1101090,高木天神西公園,西区,大字高木字天神1520-8,街区,0.05,35.937999669444444,139.57537138055554
1101004,プラザ１号公園,西区,プラザ444-57,街区,0.17,35.90735171666667,139.5764084027778
1101099,西大宮４丁目第一公園,西区,西大宮4丁目49,街区,0.1,35.93240753333333,139.576669475
1101023,高木天神公園,西区,大字高木1572-6,街区,0.03,35.93842,139.57691
1101007,わかば公園,西区,大字指扇1958-269,街区,0.21,35.914151555555556,139.57707980555554
1101054,大西公園,西区,大字指扇3363-7,街区,0.07,35.918237177777776,139.577782875
1101098,西大宮３丁目第二公園,西区,西大宮3丁目39-1,街区,0.09,35.928848525,139.5778055861111
1101074,大宮向公園,西区,大字指扇1326-15,街区,0.01,35.91430614722222,139.578993825
1101032,二ツ宮住宅第１公園,西区,大字二ツ宮43-2,街区,0.07,35.892214824999996,139.57906161944445
1101013,下戸公園,西区,大字指扇1118-46,街区,0.25,35.91065601388889,139.5791207361111
1101064,プラザ中央北公園,西区,プラザ726-56,街区,0.02,35.90691,139.57915
1101031,二ツ宮住宅中央公園,西区,大字中野林790-12,街区,0.28,35.89024,139.57938
1101003,プラザ中央公園,西区,プラザ754-28,街区,0.52,35.90660236111111,139.5801498638889
1101097,西大宮３丁目第一公園,西区,西大宮3丁目12-2,街区,0.13,35.926146241666665,139.58027430555555
1101047,井戸尻公園,西区,大字指扇636-2,街区,0.03,35.90862214722222,139.58031416111112
1101033,二ツ宮住宅第２公園,西区,大字中野林880-1,街区,0.33,35.88736836388889,139.58040061944445
1101005,二ツ宮公園,西区,大字二ツ宮585-1,街区,0.11,35.89748,139.5807
1101045,中原西公園,西区,大字清河寺896-6,街区,0.01,35.938038899999995,139.58072163055556
1101093,西大宮１丁目第一公園,西区,西大宮1丁目5-2,街区,0.21,35.923622277777774,139.58132066666667
1101025,プラザ２号公園,西区,プラザ620-87,街区,0.07,35.90394,139.58164
1101100,西大宮４丁目第二公園,西区,西大宮4丁目44,街区,0.07,35.93267,139.58166
1101088,古茂塚第二公園,西区,大字指扇1397-23,街区,0.02,35.91537,139.58239
1605001,荒川総合運動公園,桜区,大字在家591,運動,25.7,35.87672,139.58245
1101087,古茂塚第一公園,西区,大字指扇1570-1,街区,0.04,35.91519064722222,139.5825170361111
1101086,古茂塚北公園,西区,大字指扇1653-1,街区,0.14,35.917979805555554,139.58280995277778
1141006,飯田自治会運動場,西区,大字飯田３４３外,民間,0.16,35.89633836666667,139.58422950833335
1101061,古茂塚公園,西区,大字指扇1515-4,街区,0.02,35.914871777777776,139.58430305000002
1101050,西第一公園,西区,三橋６丁目1268-1,街区,0.12,35.91782332222222,139.58432050277779
1101009,清河寺公園,西区,大字清河寺1137-1,街区,0.3,35.93416,139.58453
1101079,五味貝戸東公園,西区,大字指扇325-17,街区,0.04,35.90921886666666,139.58516844166667
1101018,指扇道下公園,西区,大字指扇291-1,街区,0.15,35.90889875833333,139.5852337027778
1101052,西第二公園,西区,三橋６丁目1181-7,街区,0.17,35.91719669722222,139.58592547222224
1101022,三橋六丁目児童公園,西区,三橋６丁目1218,街区,0.1,35.91551643333333,139.5864521388889
1101071,佐知川原第３公園,西区,大字佐知川385-19,街区,0.01,35.90571905,139.5871720111111
1101006,佐知川公園,西区,大字佐知川44-1,街区,0.78,35.90072,139.58776
1101039,佐知川原第２公園,西区,大字佐知川228-135,街区,0.01,35.90458330833333,139.58846553055557
1601006,八島公園,桜区,大字塚本323-103,街区,0.36,35.87184,139.58867
1101051,青葉西公園,西区,大字指扇104-9,街区,0.02,35.90736273333333,139.58872031666667
1101034,佐知川原公園,西区,大字佐知川228-118,街区,0.04,35.90579073611111,139.58908488611112
1101043,三橋６丁目南公園,西区,三橋６丁目260-1,街区,0.18,35.9126,139.59059
1101056,水判土公園,西区,大字水判土386,街区,0.45,35.90249,139.5906
1201036,小山公園,北区,別所町119,街区,0.24,35.960207152777784,139.59093972222223
1101080,上野原公園,西区,大字内野本郷976-6,街区,0.03,35.93706,139.59094976944445
1101102,内野本郷大空公園,西区,大字内野本郷965-1外,街区,0.33,35.93752,139.5917
1101053,西第三公園,西区,三橋６丁目1048-1,街区,0.12,35.91815116944444,139.59179387777777
1101082,上野原北公園,西区,大字内野本郷971-63,街区,0.03,35.93932026388889,139.5920411527778
1641002,塚本児童遊園,桜区,塚本３７,民間,0.05,35.86706,139.59243
1101001,青葉公園,西区,三橋５丁目936-2,街区,0.1,35.90683,139.593
1201063,別所北公園,北区,別所町1000-38,街区,0.04,35.95396,139.59397
1201045,奈良北公園,北区,奈良町165-3,街区,0.1,35.95292,139.59419
1101092,三橋５丁目公園,西区,三橋５丁目560-4,街区,0.03,35.91080891944444,139.59419032222223
1201038,別所公園,北区,別所町95,街区,0.76,35.957453255555556,139.59454623055555
1101085,宮前第一公園,西区,宮前町40-3,街区,0.04,35.92223,139.59462
1101091,三橋六丁目第二公園,西区,三橋６丁目821-4,街区,0.03,35.91650735277778,139.59469583333333
1622002,荒川総合運動公園通り,桜区,大字在家137,緑道,1.72,35.87773,139.59476
1101049,前通公園,西区,大字植田谷本462-8,街区,0.02,35.8899,139.595
1101072,三橋５丁目東公園,西区,三橋５丁目1864,街区,0.02,35.90466,139.5951
1101024,三橋５丁目南公園,西区,三橋５丁目2212-1,街区,0.05,35.90086,139.59512
1101021,内野本郷公園,西区,大字内野本郷696-124,街区,0.06,35.93718837222222,139.59512256666667
1602001,千貫樋水郷公園,桜区,大字五関無地番,近隣,1.45,35.86275,139.59518
1201120,日進１丁目第２公園,北区,日進町１丁目149-21,街区,0.01,35.91966,139.59528
1101075,宮前公園,西区,宮前町376-4,街区,0.01,35.92441,139.59542
1104001,三橋総合公園,西区,三橋５丁目11-1,総合,10.02,35.913193,139.595473
1601016,天神後公園,桜区,大字神田1200-4,街区,0.01,35.86230985555556,139.59554125833336
1201071,別所住宅公園,北区,別所町45-19,街区,0.03,35.95466,139.59583
1101038,前原公園,西区,宮前町1589-6,街区,0.02,35.930867041666666,139.59620377500002
1102001,鴨川みずべの里,西区,大字水判土109-1,近隣,1.59,35.89705094722222,139.59624485
1101066,前通北公園,西区,大字植田谷本516-17,街区,0.03,35.89321314722222,139.59624720833335
1201092,北山下公園,北区,日進町１丁目167-1,街区,0.11,35.92047112222222,139.59632168333334
1201047,奈良公園,北区,奈良町136-50,街区,0.41,35.95026346111111,139.59641619166666
1101067,前原南公園,西区,宮前町1636-5,街区,0.02,35.92944068888889,139.59661840555557
1201083,日進東公園,北区,日進町１丁目85-5,街区,0.06,35.917820730555555,139.59667641111113
1201037,東公園,北区,別所町75,街区,0.23,35.96032937777778,139.59672227222222
1101084,鴨川広場,西区,三橋５丁目2086,街区,0.52,35.90384979444444,139.59723915
1101044,前原東公園,西区,大字内野本郷320-8,街区,0.02,35.930717530555555,139.59749564444445
1201094,下加西公園,北区,日進町１丁目448-4,街区,0.02,35.92244,139.59771
1131001,宮前広場,西区,内野本郷26－1,子供,0.74,35.932036363888884,139.59786476666667
1201107,台前公園,北区,奈良町124-28,街区,0.01,35.949606691666666,139.5979893361111
1201089,奈良町南公園,北区,奈良町131-76,街区,0.01,35.94732146388888,139.5979907916667
1201039,庚申公園,北区,別所町67,街区,0.3,35.95805921944445,139.59824374444446
1101008,島根公園,西区,大字島根466,街区,0.38,35.885511638888886,139.5982981888889
1201115,日進１丁目公園,北区,日進町１丁目9-4,街区,0.02,35.91617,139.5985
1201040,神明公園,北区,別所町34,街区,0.37,35.954243919444444,139.59894734722224
1202003,番場公園,北区,日進町２丁目1435-1,近隣,3.32,35.93282,139.59911
1201069,奈良団地第１公園,北区,奈良町79-135,街区,0.03,35.94461801944444,139.59932925277778
1201032,滝宮公園,北区,別所町1126,街区,0.27,35.95889433888889,139.59946375277778
1201070,奈良団地第２公園,北区,奈良町79-78,街区,0.04,35.94574044444444,139.59965238055557
1301041,三橋２丁目公園,大宮区,三橋２丁目428-2,街区,0.02,35.90446868611111,139.59974607777778
1101059,加茂川公園（古里公園）,西区,大字植田谷本無地番,街区,0.2,35.88836,139.59977
1601020,新田前公園,桜区,大字下大久保1699-7,街区,0.02,35.859669572222224,139.5997780388889
1301059,三橋４丁目広場,大宮区,三橋４丁目748-1,街区,0.19,35.88996,139.59979
1201095,日進３丁目南公園,北区,日進町３丁目43-3,街区,0.03,35.93404512777777,139.60006450833333
1201114,上加西公園,北区,日進町２丁目1367-3,街区,0.02,35.92698280833333,139.60009799444444
1201084,日進３丁目北公園,北区,日進町３丁目659-4,街区,0.03,35.939872425,139.60030230833334
1301034,並木南公園,大宮区,三橋２丁目580-2,街区,0.02,35.897693391666664,139.60032984166665
1301066,三橋一丁目第三公園,大宮区,三橋１丁目833-23,街区,0.02,35.91243,139.60038
1201100,西谷第２公園,北区,日進町３丁目278-2,街区,0.01,35.93553,139.60046
1301065,三橋一丁目第二公園,大宮区,三橋１丁目833-22,街区,0.09,35.91270613333333,139.6004703083333
1301064,三橋一丁目第一公園,大宮区,三橋１丁目833-21,街区,0.05,35.91297017777778,139.60081799444444
1201074,日進住宅公園,北区,日進町１丁目35-37,街区,0.02,35.91587540555555,139.600982125
1201098,西谷第１公園,北区,日進町３丁目32-8,街区,0.02,35.93356886388889,139.60122648888887
1221003,三貫清水緑地,北区,奈良町57-1,都緑,2,35.94085138055555,139.6013827611111
1641021,大久保領家川原児童遊園,桜区,大久保領家字川原646‐2,民間,0.04,35.87188958888889,139.6014461611111
1201110,日進３丁目中公園,北区,日進町３丁目245-6,街区,0.01,35.93567110833333,139.60154130833334
1241002,奈良町児童遊園,北区,奈良町94番２,民間,0.05,35.94784,139.60164
1301035,三橋１丁目西公園,大宮区,三橋１丁目629-4,街区,0.06,35.90892657777778,139.60164149444444
1301042,北前第１公園,大宮区,三橋１丁目483-2,街区,0.02,35.91039022222222,139.60171755277779
1301017,三橋天神公園,大宮区,三橋４丁目258-1,街区,0.05,35.89515699722222,139.6018508861111
1201106,日進３丁目東公園,北区,日進町３丁目14-4,街区,0.02,35.93387828333333,139.6020157861111
1301029,三橋１丁目南公園,大宮区,三橋１丁目610-7,街区,0.03,35.90873,139.60212
1301009,並木公園,大宮区,三橋２丁目255-1,街区,0.5,35.90095,139.60219
1622005,鴨川大久保緑道,桜区,大字大久保領家無地番,緑道,0.16,35.86553,139.60227
1201033,諏訪公園,北区,吉野町２丁目25-1,街区,0.29,35.95516192777778,139.60234263888887
1621001,秋ヶ瀬公園,桜区,大字下大久保、神田、上大久保、栄和、西堀、山久保、大久保領家、新開、田島、町谷、道場、南元宿、志木市大字宗岡地内,都緑,100.1,35.85084,139.60243
1201103,日進２丁目南公園,北区,日進町２丁目1563-2,街区,0.01,35.930451,139.60264106111111
1201023,下加公園,北区,日進町１丁目756,街区,0.06,35.925837574999996,139.6027113111111
1301046,三橋三島公園,大宮区,三橋１丁目745-2,街区,0.02,35.90749,139.60278
1201027,鍛冶公園,北区,宮原町４丁目115,街区,0.32,35.949441522222216,139.603123375
1201099,日進２丁目北公園,北区,日進町２丁目1639-6,街区,0.02,35.93284,139.60321
1601038,神田なかよし公園,桜区,大字神田315-1,街区,0.14,35.87248,139.60321
1201108,奈良東前公園,北区,奈良町96-12,街区,0.01,35.94865196111111,139.6035486638889
1221002,西谷緑地,北区,日進町３丁目178,都緑,,35.93616,139.60381
1301045,三橋２丁目南公園,大宮区,三橋２丁目736-19,街区,0.01,35.89876,139.60384
1301062,三橋４丁目第一公園,大宮区,三橋４丁目875-10,街区,0.01,35.8909,139.60387
1201081,吉野団地公園,北区,吉野町２丁目18-7,街区,0.05,35.95404153055556,139.60387061111112
1601037,大久保領家ケヤキ公園,桜区,大字大久保領家450-5,街区,0.02,35.866765208333334,139.60417850833332
1201001,日進公園,北区,日進町１丁目311,街区,0.84,35.921928719444445,139.6042414361111
1601007,下作田公園,桜区,大字大久保領家591-14,街区,0.02,35.86578821944445,139.60425983055555
1601017,白鍬公園,桜区,大字白鍬335-1,街区,0.03,35.88093911111111,139.60429961111112
1201105,奈良瀬戸公園,北区,奈良町53-20,街区,0.01,35.94136,139.60448
1601001,白鍬第一公園,桜区,大字白鍬573,街区,0.08,35.88615589166667,139.60458851944443
1201024,上加公園,北区,日進町２丁目1185,街区,0.14,35.92778397777778,139.6046298138889
1201056,吉野第２公園,北区,吉野町２丁目142-1,街区,0.11,35.95377413888889,139.60506918055555
1601012,西角公園,桜区,大字大久保領家254-8,街区,0.02,35.87104,139.60517
1202002,つつじヶ丘公園,北区,吉野町２丁目213,近隣,2.65,35.958606180555556,139.6051747861111
1201072,宮原４丁目公園,北区,宮原町４丁目98-2,街区,0.06,35.94683,139.60565
1302001,大平公園,大宮区,三橋１丁目55,近隣,1.72,35.90907,139.60565
1601040,大久保領家公園,桜区,大字大久保領家579-1,街区,0.51,35.866169472222225,139.60567445833334
1201028,領家北公園,北区,宮原町４丁目121,街区,0.28,35.95085438055556,139.60606936666667
1601048,白鍬ふれあい公園,桜区,白鍬154,街区,0.09,35.87629863611111,139.6063805138889
1301030,宮後公園,大宮区,櫛引町１丁目782-4,街区,0.03,35.915744427777774,139.60653714444445
1301072,並木令和公園,大宮区,三橋２丁目地内,街区,0.07,35.90002,139.60669
1201044,大宮三島公園,北区,櫛引町２丁目816,街区,0.1,35.92231,139.60681
1501013,円阿弥キララ公園,中央区,円阿弥５丁目385-7,街区,0.05,35.892520347222224,139.6070716222222
1241001,日進町３丁目児童遊園,北区,日進町３－１４０,民間,0.02,35.937860477777775,139.607088
1601002,白鍬第二公園,桜区,大字白鍬691-15,街区,0.1,35.885576119444444,139.60747815277776
1641011,大久保領家児童遊園,桜区,大久保領家字中作田569,民間,0.11,35.86688,139.6076
1201042,鍛冶陸橋下公園,北区,宮原町４丁目150,街区,0.18,35.946408766666664,139.60760455833332
1331001,櫛引氷川神社こども広場,大宮区,櫛引町１丁目652番地,子供,0.07,35.91364,139.60767
1601005,埼大前公園,桜区,大字上大久保140-3,街区,0.03,35.865713472222225,139.60767515555554
1201053,櫛引公園,北区,櫛引町２丁目482-2,街区,0.1,35.92089,139.60795
1502001,八王子公園,中央区,八王子４丁目132-1,近隣,3.76,35.88019,139.60824
1622001,鴨川堤桜通り公園,桜区,道場４丁目466-2,緑道,2.41,35.85684503888889,139.60837867499998
1201029,領家南公園,北区,宮原町４丁目79,街区,0.16,35.94739419166666,139.60866200277778
1201085,松原第３公園,北区,日進町２丁目703,街区,0.03,35.93118,139.60877
1201026,領家中央公園,北区,宮原町４丁目91,街区,0.36,35.94980059444444,139.60882523333333
1531009,円阿弥児童遊園地,中央区,円阿弥5丁目479,子供,0.03,35.89091,139.60895
1201002,夷屋公園,北区,吉野町１丁目385-1,街区,0.32,35.95238895833334,139.60902
1601003,白鍬第三公園,桜区,大字白鍬771-9,街区,0.16,35.88413732777778,139.60907416944443
1202005,うねうね公園,北区,日進町２丁目1916-3,近隣,1,35.93452,139.60908
1201060,みどり公園,北区,日進町２丁目576,街区,0.04,35.92912239444444,139.609088725
1201119,上加東公園,北区,日進町２丁目483-2,街区,0.01,35.92435,139.60917
1201066,松原中央公園,北区,日進町２丁目632,街区,0.08,35.92991,139.60923
1222001,逆川緑道,北区,宮原町３丁目901-4,緑道,0.12,35.93458,139.6094
1201117,宮原駅東口公園,北区,宮原町３丁目363-1,街区,0.07,35.94108,139.60958
1201034,神山公園,北区,吉野町２丁目236-1,街区,0.17,35.96235149444445,139.60959350555555
1301012,みつわ公園,大宮区,三橋３丁目148-1,街区,0.18,35.89624882222222,139.60971873611112
1201058,松原第１公園,北区,日進町１丁目203,街区,0.07,35.93123,139.60979
1201059,松原第２公園,北区,日進町２丁目384,街区,0.04,35.92913,139.60987
1501032,円阿弥ふれあい公園,中央区,円阿弥７丁目290-1,街区,0.1,35.89475721388889,139.60987191944443
1301003,みつわ公園,大宮区,三橋３丁目118-1,街区,0.11,35.896604922222224,139.6099022861111
1531007,白山神社児童遊園地,中央区,八王子2丁目960,子供,0.04,35.88319,139.60991
1301007,熊野下公園,大宮区,櫛引町１丁目440-1,街区,0.15,35.91216,139.60992
1201122,櫛引南公園,北区,櫛引町２丁目47-5,街区,0.03,35.91725666666667,139.60998882222222
1501002,八王子北児童公園,中央区,八王子２丁目950-2,街区,0.05,35.88293,139.6105
1201003,浅間公園,北区,吉野町１丁目408-1,街区,0.22,35.956788975,139.61067266944443
1301040,精進場第二公園,大宮区,大成町２丁目478-1,街区,0.03,35.91440655555555,139.611008
1501022,八王子南児童遊園地,中央区,八王子３丁目10-2,街区,0.06,35.87794615,139.6111772611111
1201051,松原東公園,北区,日進町２丁目111-1,街区,0.19,35.93044,139.6113
1622004,作田排水路第一調節池遊歩道,桜区,大字上大久保904-13,緑道,0.04,35.87339,139.61138
1601013,神田第二公園,桜区,大字神田85-6,街区,0.02,35.87399951388889,139.61150423333333
1201113,櫛引２丁目公園,北区,櫛引町２丁目574-4,街区,0.04,35.92256659444444,139.6115385611111
1201088,櫛引北公園,北区,櫛引町２丁目598-3,街区,0.02,35.92387,139.61181
1601011,神田第一公園,桜区,大字神田29-1,街区,0.07,35.874102155555555,139.6118349638889
1201096,宮原３丁目公園,北区,宮原町３丁目283-2,街区,0.04,35.93907,139.61192
1641003,上大久保児童遊園,桜区,上大久保字本村674,民間,0.09,35.86623,139.61206
1201124,日進２丁目第一公園,北区,日進町２丁目15-3,街区,0.01,35.925663219444445,139.6120788972222
1301047,大成１丁目西公園,大宮区,大成町１丁目539-4,街区,0.01,35.908404527777776,139.61211055555555
1301006,かみこ公園,大宮区,上小町1043,街区,0.63,35.89780523611111,139.61219267222222
1202001,吉野公園,北区,吉野町１丁目379-1,近隣,1.65,35.95284,139.61229
1301011,精進場公園,大宮区,大成町３丁目562,街区,0.31,35.91790755555555,139.61244432777778
1201109,東大成２丁目北公園,北区,東大成町２丁目742-4,街区,0.01,35.93414,139.61253
1601028,道場２丁目公園,桜区,道場２丁目335-1,街区,0.08,35.85884,139.61298
1531008,浅間神社児童遊園地,中央区,八王子1丁目517,子供,0.09,35.88582,139.61312
1201075,大成４丁目公園,北区,大成町４丁目228-2,街区,0.04,35.9200102,139.6131382361111
1301037,西南公園,大宮区,上小町1036-4,街区,0.04,35.89847085277778,139.61321230833332
1201035,新堀公園,北区,吉野町２丁目262,街区,0.25,35.96249451944445,139.61333898888887
1621002,桜草公園,桜区,大字田島3542-1,都緑,15.96,35.837921,139.613458
1201111,北在家公園,北区,大成町４丁目621-2,街区,0.01,35.92740003055555,139.613716725
1201090,大成４丁目南公園,北区,大成町４丁目378-3,街区,0.02,35.92270292222222,139.61406
1301014,小村田神社公園,大宮区,上小町1110,街区,0.11,35.89913,139.61412
1301013,桜木公園,大宮区,桜木町４丁目174,街区,0.1,35.90531323333333,139.61418446944444
1301036,上小南公園,大宮区,上小町1492-3,街区,0.03,35.89450290833333,139.6143533972222
1201041,中道公園,北区,宮原町２丁目39-5,街区,0.32,35.94152,139.6144
1201025,松原公園,北区,宮原町４丁目42,街区,0.83,35.94661,139.61441
1221001,吉野緑地,北区,吉野町１丁目397-5,都緑,0.18,35.95446063055556,139.6144275972222
1201057,稲荷第２公園,北区,大成町４丁目414,街区,0.27,35.92338201944444,139.61457876944445
1201104,大成４丁目西公園,北区,大成町４丁目714-3,街区,0.02,35.92899555555555,139.6146968472222
1601008,作田公園,桜区,大字神田22-27,街区,0.01,35.87474648055556,139.61491233333334
1301052,大成神明公園,大宮区,大成町３丁目396-3,街区,0.03,35.91621,139.6150144222222
1341001,大成八幡神社児童遊園,大宮区,大成町１丁目203番地,民間,0.03,35.90906,139.61502
1601014,油面公園,桜区,道場３丁目599-3,街区,0.01,35.854818800000004,139.61506344166665
1601027,道場１丁目公園,桜区,道場１丁目111-1,街区,0.07,35.85691,139.61516
1301019,桜四条公園,大宮区,桜木町４丁目927-1,街区,0.06,35.90376931666667,139.61516463888887
1201086,大成４丁目北公園,北区,大成町４丁目733-16,街区,0.07,35.92934610277778,139.61530151944444
1301005,大成２丁目公園,大宮区,大成町２丁目176,街区,0.1,35.91375,139.61554
1641004,上大久保新田児童遊園,桜区,上大久保字東806‐1,民間,0.16,35.87064,139.61573
1301055,大成一丁目南公園,大宮区,大成町１丁目157-6,街区,0.01,35.90738,139.61609
1522002,本町西４丁目緑道,中央区,本町西４丁目1233-1,緑道,0.06,35.88896,139.61619
1501033,桜丘ふれあい公園,中央区,桜丘１丁目1872-1,街区,0.22,35.87862024166667,139.6162448861111
1501019,上峰西児童遊園地,中央区,上峰２丁目209-1,街区,0.05,35.874282975,139.6163350138889
1301015,大成３丁目公園,大宮区,大成町３丁目241-1,街区,0.1,35.91864,139.61688855555556
1601023,栄和３丁目第一公園,桜区,栄和３丁目609-5,街区,0.01,35.86572471388889,139.61712118611112
1301053,大成前原公園,大宮区,大成町１丁目1-5,街区,0.07,35.90902615277778,139.61719367777778
1201007,原殿公園,北区,宮原町２丁目98,街区,0.55,35.94584983055555,139.61734128611113
1301018,桜成公園,大宮区,桜木町２丁目484,街区,0.08,35.90862163611111,139.617395975
1201004,宮原公園,北区,宮原町２丁目79,街区,1.02,35.94154410833333,139.61740354722224
1501009,本町西５丁目公園,中央区,本町西５丁目1205-8,街区,0.05,35.89077,139.61741
1501034,上峰ふれあい公園,中央区,上峰１丁目115-1,街区,0.31,35.871862611048,139.617528937646
1301024,大成２丁目南公園,大宮区,大成町２丁目82-1,街区,0.03,35.91227311111111,139.61758781666668
1531001,氷川神社児童遊園地,中央区,本町東6丁目地内,子供,0.01,35.89151,139.61761
1601030,栄和３丁目公園,桜区,栄和３丁目819-3,街区,0.16,35.86682565277778,139.61764562222223
1501027,上町北児童遊園地,中央区,本町東６丁目991-2,街区,0.01,35.89240598055555,139.617810875
1201031,仲原公園,北区,吉野町１丁目42,街区,0.3,35.95181904444445,139.61783052777778
1201121,東大成中山道公園,北区,東大成町２丁目470-1,街区,0.14,35.93138,139.61789
1201048,宮原南公園,北区,宮原町２丁目73-1,街区,0.76,35.94046,139.61805
1601039,道場２丁目第一公園,桜区,道場２丁目15-5,街区,0.1,35.85861,139.61806
1301056,桜木４丁目公園,大宮区,桜木町４丁目331-11,街区,0.03,35.902442288888885,139.61821783055555
1503001,与野公園,中央区,本町西１丁目1468-2,地区,5.1,35.881314,139.618227
1301049,桜木神明公園,大宮区,桜木町３丁目172-13,街区,0.05,35.914794944444445,139.61838483055556
1601047,新開四丁目公園,桜区,新開４丁目3263-33,街区,0.33,35.84534,139.61849
1301043,桜木３丁目公園,大宮区,桜木町３丁目99-3,街区,0.03,35.91175242222222,139.61854995000002
1201054,東大成２丁目公園,北区,東大成町２丁目404-2,街区,0.09,35.928276752777776,139.61869743055556
1201030,前谷公園,北区,吉野町１丁目7-1,街区,0.9,35.94755,139.61891
1301060,桜木４丁目南公園,大宮区,桜木町４丁目632,街区,0.69,35.89821,139.61906
1641016,町谷第二児童遊園,桜区,町谷３－２１,民間,0.02,35.85697,139.61917
1501018,上峰東児童遊園地,中央区,上峰４丁目495-1の西側,街区,0.05,35.87597,139.61931
1601010,栄和丸田公園,桜区,栄和３丁目895-17,街区,0.01,35.866921005555554,139.61935377777777
1601046,中島西公園,桜区,中島4丁目340-1,街区,0.02,35.86476,139.61943
1201055,中島公園,北区,宮原町２丁目60-1,街区,0.24,35.93772,139.61944
1621003,荒川彩湖公園（桜草公園）,桜区,大字田島3513-1,都緑,15.19,35.83692,139.61956
1201102,野久保公園,北区,東大成町１丁目107-2,街区,0.01,35.92254,139.61964
1201080,宮原１丁目公園,北区,宮原町１丁目246,街区,0.08,35.93519,139.61972
1601022,新開公園,桜区,新開１丁目99-1,街区,0.1,35.84724326111111,139.61982357222223
1201093,宮原１丁目南公園,北区,宮原町１丁目87-4,街区,0.07,35.93350753611111,139.61985573333334
1601041,櫃沼子供広場,桜区,田島９丁目1788-3,街区,0.09,35.84234976666667,139.62022911944445
1601042,町谷２丁目公園,桜区,町谷２丁目497,街区,0.11,35.86039,139.62023
1202006,東宮原ぼうさい広場,北区,宮原町２丁目125-1,近隣,0.92,35.94331,139.62029
1201126,今羽中原公園,北区,今羽町96-5,街区,0.15,35.95293759166667,139.62055805833333
1321002,鐘塚公園,大宮区,桜木町１丁目7-8,都緑,0.29,35.90561180833333,139.6208331638889
1201043,中島東公園,北区,宮原町１丁目555-1,街区,0.13,35.937816077777775,139.6214308388889
1601050,桜田公園,桜区,桜田２丁目1628-1外,街区,0.09,35.85002483888889,139.62157121666667
1601031,田島１０丁目第三公園,桜区,田島１０丁目2020-11,街区,0.01,35.83965514444445,139.6217318388889
1201101,今羽中公園,北区,今羽町114-2,街区,0.03,35.951438172222225,139.62179930000002
1601025,山久保２丁目公園,桜区,山久保２丁目83-9,街区,0.04,35.87099388611111,139.62194311666667
1501014,大和町児童遊園地,中央区,本町東４丁目594-39,街区,0.08,35.88651924444444,139.62217300833333
1301073,大宮桜木１丁目公園,大宮区,大宮駅西口第四土地区画整理事業地内,街区,0.23,35.90292,139.62239
1501021,後原児童遊園地,中央区,上落合９丁目899-20,街区,0.03,35.90152605,139.62241864166668
1202004,きたまちしましま公園,北区,宮原町１丁目859,近隣,1.61,35.931710402777775,139.6225267888889
1201005,本郷第４公園,北区,本郷町655,街区,0.31,35.942400549999995,139.62267763055556
1601036,桜田２丁目公園,桜区,桜田２丁目1573,街区,0.06,35.85191,139.62277
1201078,今羽町団地西公園,北区,今羽町477-23,街区,0.06,35.94811473055555,139.6229449027778
1601026,田島１０丁目第一公園,桜区,田島１０丁目2074-4,街区,0.01,35.83957840277778,139.6229942027778
1201046,植竹北公園,北区,植竹町１丁目467,街区,0.08,35.926388775,139.62305222
1201125,宮原１丁目東公園,北区,宮原町１丁目175-3,街区,0.02,35.93521098611111,139.62313714444446
1501001,上落合公園,中央区,上落合４丁目1118-1,街区,0.65,35.89294998611111,139.62317934444445
1621004,中島本杢緑地,桜区,中島２丁目183-1,都緑,0.16,35.86684,139.62319
1601024,田島１０丁目第二公園,桜区,田島１０丁目2025-6,街区,0.01,35.84025,139.62329
1201008,本郷第１公園,北区,本郷町890-1,街区,0.82,35.946757041666665,139.6233998666667
1201112,植竹１丁目公園,北区,植竹町１丁目362-3,街区,0.11,35.92527742777778,139.62346208333335
1501011,上落合北公園,中央区,上落合７丁目1003-4,街区,0.4,35.89610099722222,139.6235541861111
1531003,関東団地児童遊園地,中央区,上落合3丁目1229－1,子供,0.04,35.88851,139.62358
1201128,今羽東公園,北区,今羽町389-3,街区,0.03,35.95161926111111,139.62365493333334
1301039,上西公園,大宮区,土手町１丁目46-4,街区,0.06,35.91453,139.6237
1201077,今羽町団地中央公園,北区,今羽町477-24,街区,0.1,35.94774320833333,139.62382401944444
1201087,加茂宮公園,北区,宮原町１丁目184-24,街区,0.09,35.93623106111111,139.62388122222222
1201064,こまどり公園,北区,植竹町１丁目241,街区,0.04,35.922660324999995,139.62393230277777
1201010,仲仙道公園,北区,東大成町１丁目631-1,街区,0.1,35.920338647222216,139.62402297222224
1501028,八幡児童遊園地,中央区,上落合３丁目1177-4,街区,0.02,35.89169,139.62409
1501010,上落合９丁目公園,中央区,上落合９丁目935-11,街区,0.02,35.90108944722222,139.62432746666667
1801040,松本二丁目第一公園,南区,松本２丁目1066-79,街区,0.03,35.83563,139.62449
1601029,南元宿２丁目第一公園,桜区,南元宿２丁目1-7,街区,0.02,35.86187,139.62474
1201076,今羽町団地東公園,北区,今羽町477-27,街区,0.03,35.94875395277777,139.6247517027778
1501008,上落合七丁目公園,中央区,上落合７丁目995-4,街区,0.08,35.89715064722222,139.62476774444445
1601051,南元宿二丁目公園,桜区,南元宿２丁目17-1,街区,0.05,35.86023803611111,139.62480768333333
1201116,本郷けやき公園,北区,本郷町972-11,街区,0.04,35.94581879166666,139.62491881111112
1601035,南元宿１丁目公園,桜区,南元宿１丁目182-6,街区,0.13,35.8587,139.62497
1201127,宮原一丁目第二公園,北区,宮原町１丁目185-3,街区,0.02,35.9359,139.62502
1601021,西堀４丁目第一公園,桜区,西堀４丁目1812-11,街区,0.08,35.85008,139.6253
1201020,東植竹公園,北区,植竹町１丁目145-1,街区,0.32,35.92281152222222,139.62540981111113
1513001,与野本町駅前公園,中央区,本町東１丁目79-5,広場,0.6,35.88091,139.62567
1601015,平川戸公園,桜区,西堀４丁目1836-7,街区,0.03,35.85143115,139.62567083333334
1201097,本郷東公園,北区,本郷町2096-2,街区,0.02,35.94752,139.62569
1201091,源太郎公園,北区,植竹町１丁目345-3,街区,0.02,35.92637765,139.62572295277778
1522001,下落合環境空間緑道,中央区,下落合４丁目35-3,緑道,1.91,35.88683667222222,139.62572707777778
1201006,本郷第６公園,北区,本郷町92-1,街区,0.29,35.93882287222222,139.62576899444446
1201118,本郷北公園,北区,本郷町973-9,街区,0.05,35.94707610833333,139.62578155
1641008,中元児童遊園,桜区,南元宿２－１７,民間,0.28,35.86198,139.62638
1501030,本村西児童遊園地,中央区,下落合４丁目31-2,街区,0.03,35.88759905,139.62642068333335
1201123,本郷児童公園,北区,本郷町1064,街区,0.03,35.94559,139.62654
1822006,松本緑道,南区,松本１丁目315-2,緑道,0.25,35.83712,139.62661
1601045,南元宿仲よし公園,桜区,南元宿1丁目113-1,街区,0.18,35.85889,139.62663
1201065,植竹遊歩道公園,北区,植竹町１丁目65-2,街区,0.25,35.922638516666666,139.62672
1601034,中元公園,桜区,南元宿２丁目700-1,街区,0.1,35.86260718888889,139.62672184166667
1501006,西谷公園,中央区,下落合５丁目142-5,街区,0.09,35.88333726111111,139.6267959388889
1501015,巽児童遊園地,中央区,本町東１丁目92-1,街区,0.06,35.88026662222222,139.62682207222224
1201067,鈴浦公園,北区,植竹町１丁目102-1,街区,0.1,35.92422204444444,139.62683462500001
1601019,田島西公園,桜区,田島４丁目1589-1,街区,0.16,35.84825,139.62731
1801043,松本２丁目公園,南区,松本２丁目335-1,街区,0.18,35.8349,139.62737
1501029,小井戸児童遊園地,中央区,鈴谷９丁目385-4,街区,0.05,35.876351452777776,139.62765232222222
1201049,盆栽西公園,北区,盆栽町430,街区,0.12,35.92719,139.62781
1401071,東大宮３丁目公園,見沼区,東大宮３丁目11-6,街区,0.02,35.951990622222226,139.62798952777777
1601032,西堀四丁目第二公園,桜区,西堀４丁目786-11,街区,0.03,35.85150163611111,139.62805
1401123,東大宮３丁目ふれあい公園,見沼区,東大宮３丁目10-50,街区,0.09,35.95263125277778,139.62823341111113
1501025,本村チビッコ広場,中央区,下落合５丁目557-1,街区,0.01,35.88499,139.62827
1201052,土呂西公園,北区,土呂町１丁目36-16,街区,0.06,35.93396318055555,139.62866610555557
1501012,上落合1丁目第一公園,中央区,上落合１丁目876-3,街区,0.01,35.89222794444444,139.6288294
1501017,高沼児童遊園地,中央区,鈴谷９丁目215,街区,0.12,35.87798668888889,139.6288816277778
1201022,本郷第５公園,北区,本郷町1157-1,街区,0.3,35.94593226666667,139.62895414444446
1401106,東大宮三丁目西公園,見沼区,東大宮３丁目14-76,街区,0.01,35.95122496388889,139.629164325
1601033,西堀七丁目公園,桜区,西堀７丁目677-32,街区,0.02,35.860137630555556,139.6293240888889
1501005,鈴谷西公園,中央区,鈴谷２丁目577-1,街区,0.45,35.86851228611111,139.62980946666667
1641020,西堀七丁目児童遊園,桜区,西堀７－５,民間,0.05,35.8611,139.62992
1201050,盆栽東公園,北区,盆栽町465-1,街区,0.15,35.92878322777778,139.62999534166667
1306001,大宮公園,大宮区,高鼻町２・３・４丁目、寿能町１・２丁目、堀の内町３丁目、見沼区大和田町１丁目地内,広域,67.8,35.91894,139.63004
1622003,鴻沼緑道,桜区,西堀３丁目773,緑道,0.19,35.851499386111115,139.630047475
1201021,本郷第３公園,北区,本郷町1257-1,街区,0.36,35.94383158055555,139.63009468333334
1201073,盆栽団地公園,北区,盆栽町201-21,街区,0.03,35.92528,139.63022
1301001,山丸公園,大宮区,吉敷町１丁目120-1,街区,0.28,35.90246,139.63029
1301028,吉敷町２丁目公園,大宮区,吉敷町２丁目108-15,街区,0.02,35.900544825,139.63029835
1201082,盆栽第２公園,北区,盆栽町204-10,街区,0.01,35.9263,139.63057
1301054,大門３丁目公園,大宮区,大門町３丁目135-1,街区,0.01,35.90856,139.63065
1321001,氷川緑地,大宮区,大門町３丁目47,都緑,0.8,35.90771391944444,139.63091077222222
1201015,土呂公園,北区,土呂町１丁目42,街区,0.99,35.93477,139.63094
1201014,富士見公園,北区,土呂町１丁目13,街区,0.1,35.9318621166667,139.63113095
1501020,落合児童遊園地,中央区,下落合７丁目724,街区,0.04,35.88175,139.6312
1504001,与野中央公園,中央区,新中里４丁目1275,総合,2.15,35.87791,139.63134
1301058,一の鳥居ひろば,大宮区,吉敷町４丁目87-1,街区,0.03,35.89794084444444,139.63135639166669
1601009,日向公園,桜区,西堀９丁目185-36,街区,0.01,35.8630468,139.6314016638889
1601018,西堀９丁目第一公園,桜区,西堀９丁目251-12,街区,0.01,35.86184813333333,139.63142031666666
1301025,東町２丁目公園,大宮区,東町２丁目204-21,街区,0.04,35.910220708333334,139.63144285
1501003,鈴谷東公園,中央区,鈴谷２丁目571-1,街区,0.49,35.86828105277778,139.6315506138889
1201009,本郷第２公園,北区,本郷町1457-1,街区,0.43,35.940659886111106,139.63185902222224
1601004,田島氷川公園,桜区,田島４丁目756-1,街区,0.5,35.85048,139.63189
1421001,東大宮親水公園,見沼区,東大宮３丁目無地番,都緑,0.8,35.95097,139.63239
1601044,合野谷公園,桜区,西堀３－750－2,街区,0.16,35.851834,139.632755
1301071,ほこすぎ橋東広場,大宮区,吉敷町４丁目197－3,街区,0.03,35.89701,139.63291
1701066,上木崎１丁目西公園,浦和区,上木崎１丁目4973-6,街区,0.1,35.88822553888889,139.63321166666668
1201012,弁天西公園,北区,土呂町２丁目26,街区,0.11,35.92821567777778,139.63322575555557
1801097,四谷一丁目公園,南区,四谷１丁目417-1,街区,0.22,35.83968,139.63359
1201011,本郷第７公園,北区,本郷町1562-1,街区,0.22,35.93887770833333,139.63381556666667
1832001,秋ヶ瀬緑道,南区,別所、鹿手袋、関、桜区西堀,その他,,35.852543,139.63382
1201019,神明西公園,北区,土呂町２丁目15,街区,0.19,35.93237335277777,139.63388023055555
1601043,田島東公園,桜区,田島３丁目1268,街区,0.33,35.84588,139.63416
1401002,東北原公園,見沼区,東大宮２丁目42,街区,0.26,35.949082041666664,139.63425536944445
1501016,稲荷町児童遊園地,中央区,下落合３丁目882,街区,0.11,35.884586325,139.63431611944443
1701030,上木崎一丁目公園,浦和区,上木崎１丁目6-8,街区,0.01,35.88887546388889,139.63444040833332
1801082,関南児童公園,南区,関２丁目32-2,街区,0.17,35.84898,139.63445
1701067,上木崎１丁目東公園,浦和区,上木崎１丁目4975,街区,0.03,35.88910001944444,139.63446000555555
1301074,寿能町一丁目公園,大宮区,寿能町1丁目１３５－７,街区,0.03,35.9234709393685,139.63449775168
1841013,内谷氷川神社児童遊園,南区,内谷2丁目1509‐１,民間,0.05,35.83356667777778,139.63458451111111
1801075,関神明塚公園,南区,関１丁目146-1,街区,0.02,35.852797994444444,139.63470713888887
1201061,土呂陸橋下南公園,北区,土呂町２丁目212,街区,0.02,35.93604,139.6348
1601049,須黒稲荷公園,桜区,西堀１丁目524-1,街区,0.08,35.85616846388889,139.6348064611111
1801059,西浦和けやき公園,南区,曲本２丁目299-1,街区,0.08,35.83828590277778,139.63488368055556
1841003,関児童遊園,南区,関１－１５,民間,0.03,35.85286,139.63495
1501004,大戸公園,中央区,大戸２丁目1225-1,街区,0.78,35.864071027777776,139.63504
1201017,神明北公園,北区,土呂町１丁目85-1,街区,0.32,35.938920527777775,139.63512530555556
1801070,鹿手袋７丁目公園,南区,鹿手袋７丁目178-2,街区,0.01,35.84560571111111,139.63519822777778
1501026,大戸電建児童遊園地,中央区,大戸２丁目1198-3,街区,0.02,35.86221691388889,139.63523506666667
1602002,西堀高沼公園,桜区,西堀８丁目2019-2,近隣,1.38,35.85862,139.63541
1401003,中北原公園,見沼区,東大宮４丁目42,街区,0.21,35.951587647222226,139.635453275
1501023,大戸南児童遊園地,中央区,大戸１丁目1156-1、1157-1,街区,0.1,35.861361,139.63603495277778
1201013,大宮弁天公園,北区,土呂町２丁目42,街区,0.18,35.928784766666666,139.63610488333333
1801054,四谷公園,南区,四谷２丁目185,街区,0.1,35.84231,139.63619
1301061,高沼遊歩道ひろば,大宮区,北袋町１丁目112-2,街区,0.02,35.89375,139.63639
1301023,甚兵衛落し公園,大宮区,天沼町２丁目140,街区,0.07,35.90294165833333,139.63652309166665
1201079,土呂町２丁目公園,北区,土呂町２丁目102-13,街区,0.04,35.93821,139.63656
1301032,寿能西公園,大宮区,寿能町２丁目49-4,街区,0.02,35.91893891666666,139.6366280722222
1301021,天沼公園,大宮区,天沼町１丁目194,街区,0.05,35.90639,139.63684
1401001,堀の内公園,見沼区,東大宮２丁目15,街区,0.88,35.946179702777776,139.6369577361111
1501007,新中里公園,中央区,新中里１丁目663-54,街区,0.01,35.87274644166667,139.637076425
1531006,大戸児童遊園地,中央区,大戸3丁目1082－1,子供,0.18,35.86561,139.63737
1801080,鹿手袋第一児童公園,南区,鹿手袋４丁目556-10,街区,0.08,35.849262,139.63738
1313001,新都心東広場,大宮区,吉敷町４丁目265,広場,0.61,35.89621131388889,139.63742418055554
1201016,見沼公園,北区,土呂町２丁目83-2,街区,0.4,35.935040888888885,139.63746374166666
1301070,新都心まちかど広場,大宮区,"北袋町１丁目604-1,604-2,604-3",街区,0.07,35.894376091666665,139.63747567222222
1801068,四谷３丁目公園,南区,四谷３丁目158-4,街区,0.24,35.84062,139.63761
1801076,鹿手袋第三児童遊園,南区,鹿手袋１丁目1585-6,街区,0.13,35.85532,139.63761
1701019,針ヶ谷西公園,浦和区,針ヶ谷４丁目23-6,街区,0.08,35.87750501944444,139.6378184472222
1301069,新都心さくら広場,大宮区,"北袋町１丁目605-1,605-2,605-3",街区,0.46,35.89442,139.63795
1301020,堀の内３丁目公園,大宮区,堀の内町３丁目367,街区,0.02,35.91749,139.63796
1401004,原際公園,見沼区,東大宮４丁目11,街区,0.18,35.94845915277777,139.63805403888887
1321003,万葉親水公園,大宮区,堀の内町３丁目373,都緑,0.05,35.91771,139.63809
1301068,新都心みどり広場,大宮区,北袋町１丁目603-2,街区,0.23,35.892385552777775,139.63812414722221
1301067,吉敷町四丁目公園,大宮区,吉敷町４丁目255-7,街区,0.02,35.8953,139.63833
1201018,見晴公園,北区,土呂町２丁目49,街区,0.32,35.93043178055555,139.63837255555555
1301048,天沼１丁目公園,大宮区,天沼町１丁目180-2,街区,0.01,35.90571469166667,139.63861190277777
1301038,堀の内１丁目公園,大宮区,堀の内町１丁目182-2,街区,0.02,35.90973,139.63865
1301002,寿能公園,大宮区,寿能町２丁目１５５,街区,0.39,35.92148,139.63872
1801058,鹿手袋さくら公園,南区,鹿手袋６丁目317-6,街区,0.06,35.84577911666667,139.63877600833334
1701065,北浦和５丁目第五公園,浦和区,北浦和５丁目197-7,街区,0.01,35.87514065,139.63883536666665
1701028,針ヶ谷四丁目公園,浦和区,針ヶ谷４丁目215-3,街区,0.02,35.881512497222225,139.63889166944443
1301016,なかよし公園,大宮区,天沼町２丁目179,街区,0.06,35.9033386,139.63889811944443
1322001,高沼遊歩道,大宮区,北袋町１丁目112-2,緑道,0.56,35.89561810833333,139.6390126
1221004,見沼緑道,北区,見沼２丁目230,都緑,1.87,35.92700851944444,139.63904076944445
1302002,さいたま新都心公園,大宮区,北袋町１丁目190-24,近隣,1,35.89332,139.63905
1701045,常盤１０丁目第二公園,浦和区,常盤１０丁目174-2,街区,0.02,35.87337476111111,139.63906914444445
1501031,大戸一丁目公園,中央区,大戸１丁目3-4,街区,0.02,35.85495,139.63942
1701029,北浦和五丁目第三公園,浦和区,北浦和５丁目187-2,街区,0.02,35.876,139.63944
1401007,原中公園,見沼区,東大宮４丁目66,街区,0.16,35.95235791666667,139.63948210555554
1701034,常盤十丁目公園,浦和区,常盤１０丁目132-6,街区,0.01,35.87229,139.63952
1801081,鹿手袋第二児童公園,南区,鹿手袋４丁目469-2,街区,0.08,35.84805,139.63959
1401008,稲荷公園,見沼区,東大宮１丁目4,街区,0.14,35.94419881111111,139.63976373333333
1701046,上木崎１丁目第二公園,浦和区,上木崎１丁目4876-33,街区,0.01,35.88417633611111,139.6397960361111
1801063,鹿手袋四丁目公園,南区,鹿手袋４丁目426-3,街区,0.01,35.84752,139.64005
1701026,北浦和五丁目第一公園,浦和区,北浦和５丁目149-7,街区,0.02,35.876179505555555,139.64010166111112
1701090,北浦和五丁目第六公園,浦和区,北浦和5丁目174番5,街区,0.03,35.87469428055556,139.64021634444444
1722001,常盤緑道,浦和区,常盤６丁目117-3,緑道,0.91,35.8624022,139.64025413888888
1841006,曲本四丁目児童遊園,南区,曲本４－７,民間,0.04,35.83795,139.64049
1301057,北袋1丁目公園,大宮区,北袋町１丁目289-33,街区,0.01,35.891816319444445,139.64050054722222
1701087,上木崎２丁目第２公園,浦和区,上木崎２丁目168-13外,街区,0.03,35.89031652777778,139.640523125
1401006,築地公園,見沼区,東大宮１丁目26,街区,0.16,35.94221624444444,139.64054854444444
1701075,針ヶ谷３丁目子供広場,浦和区,針ヶ谷３丁目4-7,街区,0.09,35.8824,139.64065
1804002,別所沼公園,南区,別所４丁目1004-1,総合,7.99,35.85661,139.64084
1701071,上木崎２丁目公園,浦和区,上木崎２丁目163-24,街区,0.03,35.88998986666667,139.6408500138889
1801050,鹿手袋５丁目公園,南区,鹿手袋５丁目36-2,街区,0.01,35.84503597222223,139.64085562777777
1801088,鹿手袋ふれあい公園,南区,鹿手袋4丁目594-1,街区,0.12,35.848741188888894,139.6409478611111
1801091,野方ふれあい公園,南区,鹿手袋３丁目671-8外,街区,0.13,35.85059,139.64121
1801024,西浦和公園,南区,曲本４丁目231,街区,0.05,35.83815143611111,139.64121574444442
1305001,大和田公園,大宮区,寿能町2－519,運動,15.15,35.92154,139.64149
1401005,立山公園,見沼区,東大宮５丁目17,街区,0.14,35.945148161111106,139.64149057777777
1301026,平和台公園,大宮区,北袋町１丁目190-9,街区,0.05,35.89485834166667,139.641573875
1701010,針ヶ谷児童公園,浦和区,針ヶ谷１丁目49-2,街区,0.04,35.87970333611111,139.64170166944444
1801072,沼影２丁目第一公園,南区,沼影２丁目17-12,街区,0.02,35.839386733333335,139.64195155277778
1801092,西南さくら公園,南区,鹿手袋３丁目670-3外,街区,0.25,35.85001,139.64199
1822008,花と緑の散歩道,南区,別所５丁目422-1,緑道,1.15,35.85007,139.64213
1801055,内谷４丁目公園,南区,内谷４丁目146-2,街区,0.07,35.835425533333336,139.64220203888888
1701051,北浦和５丁目第四公園,浦和区,北浦和５丁目93-25,街区,0.01,35.874623755555554,139.64222056388888
1701032,北浦和五丁目第二公園,浦和区,北浦和５丁目16-2,街区,0.02,35.87410488333333,139.64229545277777
1401097,天神山公園,見沼区,大和田町２丁目327-6,街区,0.2,35.92986037222222,139.64231922777776
1701083,常盤八丁目第二公園,浦和区,常盤８丁目70-12,街区,0.03,35.86441,139.64232
1401033,本村公園,見沼区,東大宮１丁目78,街区,0.6,35.93964606666666,139.64238911944443
1701084,常盤八丁目第三公園,浦和区,常盤８丁目94-8,街区,0.01,35.86525,139.64242
1801061,沼影一丁目第二公園,南区,沼影１丁目321-4,街区,0.04,35.841660044444446,139.64242198888888
1701054,針ヶ谷１丁目公園,浦和区,針ヶ谷１丁目11-3,街区,0.01,35.87925721111111,139.64246050833333
1301033,北袋北公園,大宮区,北袋町２丁目9-13,街区,0.02,35.89786731666667,139.6425022472222
1801090,別所三丁目公園,南区,別所３丁目1212-5,街区,0.03,35.85282,139.64263
1801084,別所２丁目第２公園,南区,別所２丁目1226－6,街区,0.01,35.85128,139.64266
1301044,下天沼公園,大宮区,天沼町２丁目770-3,街区,0.02,35.89914075555556,139.64286210277777
1801095,別所あじさい公園,南区,別所５丁目341-1外,街区,0.24,35.84917,139.64299
1301027,ドルミ公園,大宮区,天沼町１丁目523-2,街区,0.02,35.908610302777774,139.64304105277776
1701012,常盤八丁目公園,浦和区,常盤８丁目134-1,街区,0.04,35.86657231666667,139.64311336666665
1801052,別所大里公園,南区,別所７丁目125,街区,0.05,35.845558600000004,139.64330935555554
1801096,まほら公園,南区,別所６丁目261-7,街区,0.18,35.84823,139.64331
1421002,大砂土緑地,見沼区,大和田町２丁目221-1,都緑,0.5,35.93193512777778,139.64349840555556
1701033,上木崎三丁目第二公園,浦和区,上木崎３丁目242-3,街区,0.01,35.889464302777775,139.64363018055556
1702001,浦和北公園（北浦和公園内）,浦和区,常盤９丁目199-1,近隣,1.12,35.86924,139.64365
1841005,かんのん児童遊園,南区,沼影１－６,民間,0.04,35.84367,139.64366
1701072,北浦和西公園,浦和区,北浦和５丁目2-1,街区,0.05,35.87388,139.64368
1801030,沼影二丁目公園,南区,沼影２丁目17-6,街区,0.04,35.83869,139.64368
1702002,北浦和公園,浦和区,常盤９丁目30,近隣,3.5,35.87007,139.64372
1801074,内谷５丁目公園,南区,内谷５丁目144-3,街区,0.01,35.83337,139.64372
1701021,上木崎三丁目第一公園,浦和区,上木崎３丁目253-6,街区,0.02,35.8881,139.64379
1701069,常盤7丁目公園,浦和区,常盤７丁目137-1,街区,0.04,35.86702176388889,139.64393638055554
1701060,針ヶ谷３丁目公園,浦和区,針ヶ谷３丁目107-5,街区,0.01,35.88414932777778,139.64399983055554
1801035,別所二丁目公園,南区,別所２丁目2021-6,街区,0.03,35.850623097222226,139.64417743333334
1301063,北袋ふれあい公園,大宮区,北袋町２丁目158,街区,0.15,35.89542616944444,139.64417869166667
1402001,東大宮中央公園,見沼区,東大宮５丁目42-1,近隣,1.5,35.94898,139.64439
1801094,内谷南口公園,南区,内谷５丁目182,街区,0.12,35.83081171944445,139.64442900555554
1701081,上木崎大けやき公園,浦和区,上木崎４丁目73-2,街区,0.36,35.884878533333335,139.64476001111112
1801046,沼影１丁目公園,南区,沼影１丁目198-3,街区,0.02,35.84220245555556,139.64480683055555
1301051,北袋町２丁目公園,大宮区,北袋町２丁目336-2,街区,0.01,35.892960527777774,139.64484707777777
1801071,内谷４丁目第二公園,南区,内谷４丁目230-2,街区,0.01,35.835952411111116,139.64491116944444
1401022,登戸公園,見沼区,東大宮７丁目38,街区,0.25,35.94470472222222,139.64491436944445
1821003,武蔵浦和駅西口緑地,南区,別所７丁目242-1,都緑,0.11,35.84685005555556,139.64497285277778
1301008,北袋公園,大宮区,北袋町２丁目401-2,街区,0.1,35.89111,139.64508
1301050,北袋天神公園,大宮区,北袋町２丁目229-23,街区,0.01,35.89423203333333,139.64512598055555
1813001,武蔵浦和駅西口広場,南区,沼影１丁目436-2,広場,0.07,35.8443,139.64518
1701027,鹿島台公園,浦和区,仲町４丁目55-9,街区,0.05,35.86000668611111,139.64524589166666
1321004,天沼緑地,大宮区,天沼町１丁目676-1,都緑,2.29,35.910211,139.645467
1701039,上木崎足立神社公園,浦和区,上木崎５丁目280-38,街区,0.43,35.88971291944444,139.64588600833332
1802001,沼影公園,南区,沼影２丁目104,近隣,2.42,35.84009,139.64598
1801087,別所中央公園,南区,別所2丁目1602-1,街区,0.09,35.85143615277778,139.64639230833333
1701050,針ヶ谷２丁目第一公園,浦和区,針ヶ谷２丁目146-2,街区,0.01,35.882277755555556,139.6463989388889
1701073,北浦和東部児童遊園,浦和区,北浦和２丁目108,街区,0.03,35.87913792222222,139.646487
1801041,内谷七丁目第一公園,南区,内谷７丁目350-2,街区,0.01,35.83367782777778,139.6466217
1741009,足立神社児童遊園,浦和区,上木崎５－１１,民間,0.05,35.88902,139.64668
1401032,砂中央公園,見沼区,東大宮７丁目42,街区,0.84,35.94036237222222,139.64669873055556
1401011,大宮大原公園,見沼区,東大宮６丁目12,街区,0.25,35.952464761111116,139.64678555833333
1701006,常盤児童公園,浦和区,常盤９丁目10-2,街区,0.05,35.86692,139.6469
1801048,内谷６丁目第一公園,南区,内谷６丁目326-2,街区,0.02,35.83738759444444,139.6469130972222
1701058,上木崎５丁目公園,浦和区,上木崎５丁目289-8,街区,0.01,35.88975152222222,139.64723638055554
1401137,南中丸ひだまり広場,見沼区,大字南中丸145-1,街区,0.09,35.91621,139.64727
1401122,南中丸西公園,見沼区,大字南中丸112-8,街区,0.02,35.91458,139.64732
1701057,針ヶ谷二丁目第二公園,浦和区,針ヶ谷２丁目155-3,街区,0.01,35.881816711111114,139.64737965277777
1303001,合併記念見沼公園,大宮区,天沼町１丁目941-1,地区,3.95,35.90573,139.64748
1401059,南中丸公園,見沼区,大字南中丸101-25,街区,0.02,35.912988255555554,139.6478106472222
1701055,北浦和東公園,浦和区,北浦和２丁目162-1,街区,0.16,35.87888371388889,139.64783
1401130,大和田２丁目第一公園,見沼区,大和田町２丁目1553-64,街区,0.02,35.93603924722222,139.647876275
1401092,高井公園,見沼区,大字南中丸110-47,街区,0.01,35.91407,139.64804
1722005,常盤５丁目緑道,浦和区,常盤５丁目81-1,緑道,0.02,35.86616,139.64808
1301004,芝川公園,大宮区,堀の内町２丁目612,街区,0.18,35.91141,139.64809
1701082,領家立野公園,浦和区,領家６丁目139-9,街区,0.21,35.88022,139.64817
1401038,道半山北公園,見沼区,大字南中野740,街区,0.13,35.91504236388889,139.64825681388888
1701074,領家立野子供広場,浦和区,領家７丁目44-13,街区,0.05,35.8835,139.64826
1701037,常盤五丁目公園,浦和区,常盤５丁目81-50,街区,0.03,35.86524715555556,139.64830367222223
1401029,北山公園,見沼区,大和田町２丁目1439-1,街区,0.19,35.93133198333333,139.64854201944445
1401099,道半山公園,見沼区,大字南中野722-26,街区,0.01,35.91404400555555,139.64858101388887
1701077,領家６丁目公園,浦和区,領家６丁目139-8,街区,0.02,35.88022,139.64859
1401060,けやき公園,見沼区,島町433-9,街区,0.02,35.94699906944444,139.64880893333333
1401010,一本松公園,見沼区,東大宮６丁目61-1,街区,0.25,35.94807594722222,139.6488471111111
1401012,中原公園,見沼区,丸ヶ崎町23,街区,0.22,35.95549454166667,139.64938803333334
1401020,上ノ台公園,見沼区,堀崎町1432,街区,0.32,35.94336253333333,139.64943743333333
1701015,皇山第一公園,浦和区,上木崎７丁目758-24,街区,0.05,35.89065788888889,139.6500377861111
1801062,白幡五丁目公園,南区,白幡５丁目1474-2,街区,0.01,35.84484,139.65023
1401009,藁田島公園,見沼区,東大宮６丁目42,街区,0.81,35.951779655555555,139.65035319444445
1422002,堀崎町緑道,見沼区,堀崎町地内,緑道,0.19,35.93807,139.65056
1401103,堀崎北公園,見沼区,堀崎町1122-5,街区,0.02,35.94284,139.65061
1722002,岸町緑道（１）,浦和区,岸町６丁目110-18,緑道,0.15,35.853802305555554,139.6507521861111
1702003,常盤公園,浦和区,常盤１丁目165-1,近隣,0.97,35.86219,139.65091
1401053,堀崎団地第１公園,見沼区,堀崎町1142-3,街区,0.05,35.94145238333333,139.65100035833333
1822001,白幡緑道,南区,白幡３丁目640-3,緑道,0.24,35.84711,139.65101
1401030,堀崎中央公園,見沼区,堀崎町736-1,街区,0.79,35.93743,139.65111
1722006,元町緑道,浦和区,元町３丁目21-2,緑道,0.12,35.8744878,139.65113155
1401098,中川西公園,見沼区,大字中川802-5,街区,0.01,35.90761130833333,139.65120875833333
1401082,南新田公園,見沼区,大和田町１丁目1275-4,街区,0.04,35.92539901666667,139.6512358
1401054,堀崎団地第２公園,見沼区,堀崎町1200-69,街区,0.04,35.94102,139.65131
1401083,八幡公園,見沼区,大字南中丸296-4,街区,0.01,35.91775330555555,139.651319475
1801067,内谷橋公園,南区,内谷６丁目385-4,街区,0.26,35.83640098888889,139.65150890833334
1701070,元町３丁目公園,浦和区,元町３丁目180-1,街区,0.08,35.87534528055556,139.6515114388889
1701068,大原テニス公園,浦和区,大原２丁目1-1,街区,0.33,35.88978983611111,139.6515971638889
1701025,皇山第二公園,浦和区,上木崎７丁目624-2,街区,0.02,35.88895806111111,139.65164281666668
1401013,有無公園,見沼区,丸ヶ崎町42,街区,0.2,35.95731613611111,139.6517020138889
1701018,道美木公園,浦和区,大原２丁目245,街区,0.06,35.892651683333334,139.6517207777778
1401046,大和田東公園,見沼区,大和田町１丁目1230-92,街区,0.05,35.924621699999996,139.651946575
1701056,本太三丁目公園,浦和区,本太３丁目189-13,街区,0.01,35.86737691388889,139.65195309444445
1401079,新田南公園,見沼区,大字深作209-6,街区,0.05,35.95121465277778,139.65210363055556
1701004,浦和中央公園,浦和区,仲町２丁目12-3,街区,0.16,35.85866,139.65224
1701038,領家二丁目公園,浦和区,領家２丁目1198-1,街区,0.14,35.87577,139.65238
1401088,新田中公園,見沼区,大字深作222-13,街区,0.01,35.951699250000004,139.6524295388889
1701002,仲町公園,浦和区,仲町２丁目141-4,街区,0.05,35.86143,139.65251
1701043,三角稲荷公園,浦和区,本太３丁目112-2,街区,0.02,35.86648328333334,139.65282472500002
1701003,岸町公園,浦和区,岸町５丁目109,街区,0.05,35.851956811111116,139.65284636111113
1402004,堀崎公園,見沼区,堀崎町12-1,近隣,2.67,35.93651,139.65309
1401127,西通公園,見沼区,丸ヶ崎土地区画整理事業地内,街区,0.1,35.95891,139.65314
1401087,三番関公園,見沼区,島町606-3,街区,0.28,35.94672750833333,139.65350687777777
1401028,新田公園,見沼区,大字深作236-9,街区,0.24,35.953964258333336,139.65354756944444
1741003,長覚院児童遊園,浦和区,領家４－２１,民間,0.06,35.88195,139.6536
1801078,六辻水辺公園,南区,辻１～４、文蔵３～４、根岸２～３丁目地内,街区,1.56,35.83587,139.65392
1401141,中川第一公園,見沼区,大字中川596-1 外,街区,0.22,35.89967,139.6541
1701063,元町１丁目公園,浦和区,元町１丁目27-4,街区,0.03,35.86909,139.65417
1401105,大和田１丁目北公園,見沼区,大和田町１丁目1738-10,街区,0.01,35.92839940277778,139.65419003611112
1701014,浦和大原公園,浦和区,大原１丁目406,街区,0.06,35.89291049444444,139.65420555
1722007,天王川コミュニティー緑道,浦和区,元町３丁目1-3,緑道,0.39,35.87464920833333,139.6542349277778
1741007,領家四丁目児童遊園,浦和区,領家４－７,民間,0.03,35.88103,139.65434
1401139,南中野西浦公園,見沼区,大字南中野152-1,街区,0.45,35.90685921111111,139.65455224722223
1701053,領家１丁目公園,浦和区,領家１丁目1570-6,街区,0.01,35.87453693055556,139.65455689444445
1401133,南中丸第５公園,見沼区,大字南中丸470-20,街区,0.03,35.91762,139.65472
1801017,白幡公園,南区,白幡３丁目881-12,街区,0.26,35.84488,139.65483
1401027,南中丸東公園,見沼区,大字南中丸1370-1,街区,0.12,35.92095,139.65492
1701076,浦和仲町１丁目ひろば,浦和区,仲町１丁目128-1,街区,0.01,35.861811047222226,139.65497379722223
1401134,南中丸第６公園,見沼区,大字南中丸442-11,街区,0.03,35.91786,139.65536
1401091,堀崎南公園,見沼区,堀崎町556-2,街区,0.02,35.93604821388889,139.65546905833335
1701088,東通りでんしゃ公園,浦和区,"東仲町150-1,151-1",街区,0.07,35.86201,139.65552
1701062,本太２丁目第二公園,浦和区,本太２丁目120-4,街区,0.01,35.86335347777778,139.65555599166666
1401144,丸ヶ崎合ノ谷公園,見沼区,丸ヶ崎土地区画整理事業地内４０街区,街区,0.09,35.95904,139.65561
1401077,南中丸第３公園,見沼区,大字南中丸776-2,街区,0.02,35.91661,139.65565
1401048,蓮沼公園,見沼区,大字蓮沼936-61,街区,0.03,35.93295,139.65566
1401045,中川天神公園,見沼区,大字中川694-1,街区,0.05,35.9021,139.6557
1401107,大和田１丁目公園,見沼区,大和田町１丁目1889-13,街区,0.01,35.92584,139.65573
1701061,本太２丁目第一公園,浦和区,本太２丁目109-4,街区,0.01,35.86311,139.65612
1701085,元町東公園,浦和区,元町2丁目76-1外,街区,0.35,35.87391,139.65613
1701022,木崎二丁目公園,浦和区,木崎２丁目103-1,街区,0.08,35.88718778611111,139.65619998611112
1401113,上の前西公園,見沼区,春野３丁目1580-173,街区,0.05,35.960932883333335,139.65627592222222
1701064,高砂１丁目公園,浦和区,高砂１丁目201,街区,0.06,35.856805791666666,139.65643478333334
1401143,うてな中野公園,見沼区,大字南中野５６４,街区,0.2,35.91224,139.65646
1401145,丸ヶ崎公園,見沼区,丸ヶ崎土地区画整理事業地内59街区,街区,0.34,35.9556935926658,139.656508809447
1701001,調公園,浦和区,岸町３丁目73-1,街区,0.83,35.85348,139.65658
1401036,西原公園,見沼区,春岡３丁目30-1,街区,0.15,35.94980918333333,139.65661977222223
1401076,南中丸第１公園,見沼区,大字南中丸834-4,街区,0.1,35.91617,139.65667
1801026,山口第一公園,南区,辻３丁目2422-8,街区,0.02,35.84020575833333,139.6567707527778
1401095,南中丸第４公園,見沼区,大字南中丸932-9,街区,0.02,35.91692405277777,139.65685848333334
1701047,木崎３丁目公園,浦和区,木崎３丁目179-59,街区,0.03,35.890711969444446,139.65695964722224
1401114,上の前公園,見沼区,春野３丁目1580-182,街区,0.22,35.96120895277778,139.65706788611112
1401016,青葉北公園,見沼区,大字南中丸1280-29,街区,0.12,35.921150330555555,139.65747794444445
1401128,ひだまり思いやり公園,見沼区,台・一ノ久保特定土地区画整理事業３号公園,街区,0.09,35.91447,139.65755
1401075,南中丸第２公園,見沼区,大字南中丸830-6,街区,0.04,35.9158,139.65771
1725001,浦和総合運動場,浦和区,元町１丁目7-1,運動場,4.32,35.86932,139.65781
1701023,南箇公園,浦和区,領家３丁目1038-4,街区,0.02,35.87919,139.65789
1701009,本太児童公園,浦和区,本太４丁目27,街区,0.08,35.86583,139.65806
1801089,辻鉢木公園,南区,辻3丁目2489-6,街区,0.24,35.839624972222225,139.6582781777778
1401080,代官山公園,見沼区,大字南中野66-62,街区,0.04,35.90620695,139.65830969166666
1701048,三崎公園,浦和区,大字三崎70,街区,0.62,35.89337,139.65837
1401042,正福寺公園,見沼区,大字蓮沼773-1,街区,0.04,35.93024874166667,139.65839524722222
1741008,大東神明児童遊園,浦和区,大東１－９,民間,0.11,35.88165,139.65846
1831003,辻水深公園,南区,辻８－２７,子供,0.11,35.83051,139.65857
1401129,島町地蔵公園,見沼区,島町２丁目6-10,街区,0.11,35.94491382222222,139.65867550833335
1701005,神明社公園,浦和区,岸町２丁目43,街区,0.05,35.85100838611111,139.65874394722223
1402006,春岡中央公園,見沼区,春岡３丁目42-1,近隣,1.48,35.94767064444444,139.658870075
1801027,山口第二公園,南区,辻３丁目2477-3,街区,0.02,35.838932730555555,139.65889306388888
1401041,南中丸山崎公園,見沼区,大字南中丸1532,街区,0.08,35.91655,139.65903
1401110,南中野第１公園,見沼区,大字南中野395-14,街区,0.07,35.90722012777778,139.65916719722222
1721003,木崎４丁目緑地,浦和区,木崎４丁目645-20,都緑,0.27,35.89034203333333,139.65922786944444
1401037,入ノ山公園,見沼区,春岡２丁目19-1,街区,0.16,35.95107757777778,139.65942615555556
1801047,辻５丁目第一公園,南区,辻５丁目1345-2,街区,0.01,35.83468735277778,139.65942957222222
1401067,海老沼中公園,見沼区,大字東新井710-84,街区,0.09,35.90631621666667,139.65944260555557
1401025,山崎公園,見沼区,大字蓮沼1052-4,街区,0.52,35.93448,139.65948
1721002,瀬ヶ崎緑地,浦和区,瀬ヶ崎２丁目177-3,都緑,0.04,35.88009700833334,139.6597626361111
1701041,瀬ヶ崎２丁目第一公園,浦和区,瀬ヶ崎２丁目149-7,街区,0.02,35.87858695,139.6599215361111
1401018,海崎公園,見沼区,深作３丁目8,街区,0.15,35.954080313888895,139.66020709444444
1701042,瀬ヶ崎２丁目第二公園,浦和区,瀬ヶ崎２丁目71-2,街区,0.01,35.87763,139.66025
1401050,青葉南公園,見沼区,大字南中丸1111-50,街区,0.16,35.917083211111105,139.66025129444446
1401102,海老沼中北公園,見沼区,大字東新井733-4,街区,0.02,35.90736413611111,139.66036
1701044,瀬ヶ崎公園,浦和区,瀬ヶ崎１丁目80-4,街区,0.04,35.87626,139.66036
1801018,辻中道公園,南区,辻５丁目1427-3,街区,0.18,35.83348435833334,139.66045263055557
1701086,駒場一丁目第一公園,浦和区,駒場1丁目113-6,街区,0.04,35.871297130555554,139.6604571277778
1722004,岸町緑道（３）,浦和区,岸町２丁目6-2,緑道,0.05,35.85134940555556,139.6606437
1401118,南中野第２公園,見沼区,大字南中野29-3,街区,0.02,35.90502,139.66071
1401117,前田第２公園,見沼区,大字蓮沼577-3,街区,0.02,35.92890023611111,139.66087285
1401061,南五反田公園,見沼区,大字南中丸1165-13,街区,0.01,35.9156,139.66103
1701059,岸町１丁目公園,浦和区,岸町１丁目67-6,街区,0.05,35.85128899166667,139.66106586666666
1822009,辻８丁目緑道,南区,辻８丁目地内,緑道,0.47,35.83048,139.66114
1422001,春野緑道,見沼区,春野３丁目2533-4,緑道,0.07,35.96028,139.66118
1401121,春野公園,見沼区,春野２丁目2723-2,街区,0.52,35.95960994166667,139.66119025277777
1741004,瀬ヶ崎三島児童遊園,浦和区,瀬ヶ崎２－１５,民間,0.05,35.87789,139.66122
1401116,前田第１公園,見沼区,大字蓮沼619-2,街区,0.04,35.92965427777778,139.66130231111111
1701052,木崎公園,浦和区,木崎４丁目596-1,街区,0.09,35.888744027777776,139.66159243333334
1401115,海老沼西公園,見沼区,大字東新井904-21,街区,0.02,35.90189417222222,139.66170217500002
1401124,春野１号公園,見沼区,春野４丁目29-1,街区,0.15,35.95850989444445,139.66177355833335
1401135,蓮沼ふれあい広場,見沼区,蓮沼下特定土地区画整理事業地内,街区,0.2,35.92322,139.6619
1401085,海老沼下公園,見沼区,大字東新井893-2,街区,0.02,35.90176,139.6621
1701013,浦和石橋公園,浦和区,木崎１丁目337-12,街区,0.01,35.88457961666666,139.6622567888889
1801077,神明丸子供広場,南区,根岸１丁目17,街区,0.04,35.84551,139.66226
1801005,根岸西児童公園,南区,根岸３丁目1068-1,街区,0.16,35.83926673333334,139.66231726944446
1401073,中田公園,見沼区,大字蓮沼403-3,街区,0.01,35.92468121666666,139.66253515
1701017,立葉公園,浦和区,木崎４丁目471-4,街区,0.02,35.88947,139.66257
1401039,春岡１丁目公園,見沼区,春岡１丁目24-1,街区,0.16,35.94334763888889,139.66272786944444
1721001,駒場緑地,浦和区,駒場２丁目4,都緑,1.08,35.87281,139.66293
1801057,根岸前公園,南区,根岸１丁目7-4,街区,0.11,35.843905750000005,139.662991675
1801036,神明丸公園,南区,根岸１丁目16-1,街区,0.2,35.845867419444446,139.66310394166666
1401131,稲荷台公園,見沼区,春岡２丁目42-1番地内,街区,0.2,35.947400224999996,139.6631244138889
1701035,前島第三公園,浦和区,瀬ヶ崎５丁目437-44,街区,0.03,35.8744,139.66331
1741002,駒場児童遊園,浦和区,駒場２－３,民間,0.12,35.87071,139.66336
1401084,山中公園,見沼区,大字御蔵1423-6,街区,0.05,35.906763274999996,139.66340669166667
1722003,岸町緑道（２）,浦和区,岸町１丁目22-4,緑道,0.09,35.852048961111116,139.66356868333335
1401096,山中北公園,見沼区,大字御蔵1480-25,街区,0.02,35.907857919444446,139.66357763055555
1701089,瀬ヶ崎三丁目公園,浦和区,"瀬ヶ崎３丁目270-45,271-78",街区,0.04,35.87811,139.66358
1401142,蓮沼ひだまり広場,見沼区,蓮沼下特定土地区画整理事業７０－２街区,街区,0.16,35.92102,139.66376
1401126,春野３号公園,見沼区,春野４丁目6-1,街区,0.16,35.95714479166667,139.6637758777778
1401024,海老沼南公園,見沼区,大字東新井866-42,街区,0.11,35.90151391111111,139.6638065388889
1401051,東中野公園,見沼区,大字南中野1147-1,街区,0.17,35.91769,139.66387
1941004,稲荷児童遊園,緑区,山崎１－１４,民間,0.09,35.89205,139.66394
1701031,木崎五丁目公園,浦和区,木崎５丁目359-18,街区,0.01,35.885084791666664,139.66395708333334
1701036,前島第四公園,浦和区,瀬ヶ崎５丁目551-10,街区,0.01,35.874968083333336,139.66397762222223
1401023,海老沼中央公園,見沼区,大字東新井710-49,街区,0.41,35.9042937,139.66397942222224
1401094,大ヶ谷戸北公園,見沼区,大字御蔵1418-11,街区,0.05,35.90559620833333,139.66403314722223
1401021,貝崎公園,見沼区,深作３丁目42,街区,0.15,35.95444685555556,139.66404005
1401146,蓮沼なないろ公園,見沼区,大字蓮沼1085-7,街区,0.2,35.9332586365587,139.664068533439
1701020,前島第一公園,浦和区,瀬ヶ崎５丁目544-4,街区,0.03,35.8743,139.6641
1401014,西郭公園,見沼区,深作１丁目4,街区,0.2,35.95106835833334,139.66413760277777
1902005,三浦運動公園,緑区,大字三浦6836-1,近隣,1.2,35.897824,139.664354
1401120,蓮沼南公園,見沼区,大字蓮沼1464-8,街区,0.02,35.927072161111106,139.6644298777778
1801010,辻児童公園,南区,辻１丁目17,街区,0.31,35.837373983333336,139.66486041944444
1801028,辻一里塚公園,南区,辻７丁目297-3,街区,0.06,35.83465056666667,139.6648631888889
1401066,大ヶ谷戸公園,見沼区,大字東新井710-77,街区,0.06,35.90502226388889,139.66488499722223
1401068,庚申塚公園,見沼区,大字東新井508-2,街区,0.02,35.91044,139.66496
1701024,前島第二公園,浦和区,瀬ヶ崎５丁目504-25,街区,0.02,35.87442,139.66498
1801066,辻くすのき公園,南区,辻７丁目759-1,街区,0.01,35.83305926111112,139.66501055833334
1801042,根岸北原公園,南区,南本町２丁目19-11,街区,0.18,35.848460413888894,139.66515459722223
1701078,前地３丁目第一公園,浦和区,前地３丁目142-7,街区,0.01,35.86037860277778,139.66520527222224
1801006,根岸東児童公園,南区,根岸２丁目944-1,街区,0.16,35.83955,139.66528
1741005,前地児童遊園,浦和区,前地３－１０,民間,0.19,35.86007,139.66529
1705001,駒場運動公園,浦和区,駒場２丁目19-1,運動,7.43,35.87128000277778,139.66534
1402002,鎌倉公園,見沼区,大字御蔵1393-1,近隣,1.5,35.90471,139.66555289722223
1701011,大東北児童公園,浦和区,大東３丁目17-5,街区,0.1,35.88367477222222,139.66558767222222
1701040,東岸町第一公園,浦和区,東岸町21-3,街区,0.01,35.8523,139.66564
1401089,寺下公園,見沼区,大字東門前36-3,街区,0.02,35.93127,139.66579
1921001,山崎緑地,緑区,大字三室420,都緑,0.05,35.8942,139.66606
1401090,東門前北公園,見沼区,大字東門前165-9,街区,0.02,35.93284578611111,139.66607146111113
1801012,一ツ木公園,南区,南本町１丁目18,街区,0.46,35.844368430555555,139.66608450833334
1401109,小深作北公園,見沼区,大字小深作367-14,街区,0.05,35.945003525,139.66609572500002
1801014,郷前公園,南区,文蔵２丁目31-4,街区,0.13,35.84335947777778,139.66616079722223
1701007,大東南児童公園,浦和区,大東３丁目3-1,街区,0.22,35.88005009166667,139.666212875
1401125,春野２号公園,見沼区,春野４丁目16-1,街区,0.1,35.95799881944445,139.66623063333333
1401017,中ノ島公園,見沼区,深作１丁目21,街区,0.18,35.94819326944444,139.66637177500002
1402005,アーバンみらい公園,見沼区,春野１丁目1634-3,近隣,4.3,35.957306,139.666459
1701079,前地１丁目第一公園,浦和区,前地１丁目1-11,街区,0.09,35.85571,139.66647
1801069,大谷場1丁目公園,南区,大谷場１丁目147-18,街区,0.01,35.859199305555556,139.66657885555557
1901057,山崎第二公園,緑区,大字三室424,街区,0.07,35.89258850277778,139.666640575
1901058,山崎第三公園,緑区,大字三室443,街区,0.05,35.89150158611111,139.66664673055556
1801065,辻一丁目公園,南区,辻１丁目32-13,街区,0.02,35.83831366388889,139.66675485555555
1401057,七里グリーンハイツ公園,見沼区,大字蓮沼1250-4,街区,0.09,35.927951074999996,139.66676940555556
1401100,小深作前公園,見沼区,大字小深作562-105,街区,0.04,35.94253967222222,139.66689220277777
1701080,前地１丁目第二公園,浦和区,前地１丁目1-6,街区,0.05,35.85477107777778,139.66695803888888
1401047,生協大谷公園,見沼区,大字大谷156-19,街区,0.03,35.91882,139.66712
1401064,南平台第３公園,見沼区,大字大谷51,街区,0.07,35.92229,139.66715
1901024,浦和三島公園,緑区,道祖土１丁目157-21,街区,0.01,35.878518822222226,139.66718
1901025,浦和戸崎公園,緑区,道祖土１丁目156-1,街区,0.02,35.87799540555556,139.66719588888887
1401069,中島第２公園,見沼区,大字小深作601-9,街区,0.01,35.94115608333333,139.66725044999998
1701016,中耕地公園,浦和区,瀬ヶ崎４丁目342-6,街区,0.03,35.87633,139.66732
1401070,谷中公園,見沼区,大字東門前1-4,街区,0.06,35.929184533333334,139.66734309166665
1701008,大東東児童公園,浦和区,大東３丁目30,街区,0.23,35.882069780555554,139.6673576111111
1401078,氷川公園,見沼区,大字蓮沼1623-1,街区,0.02,35.923553616666666,139.66746312222222
1801013,北原公園,南区,南本町２丁目13-4,街区,0.23,35.84822925555556,139.66758082222222
2031016,第六天神社こども広場,岩槻区,大字馬込２００－１,子供,0.03,35.96638,139.66775
1401072,小深作公園,見沼区,大字小深作511-55,街区,0.03,35.942790277777775,139.6679622833333
1401034,東新井笹丸公園,見沼区,大字東新井324-2,街区,0.08,35.90974,139.66799
1941001,山崎児童遊園,緑区,三室字中原後４８８‐1,民間,0.03,35.88992,139.66803
1402003,観音寺下公園,見沼区,深作２丁目7,近隣,1.5,35.952296,139.668083
1901090,道祖土一丁目公園,緑区,道祖土1丁目158番4,街区,0.03,35.87898216111111,139.66808748055556
1401093,小深作第二公園,見沼区,大字小深作605-4,街区,0.01,35.94224420277777,139.66812203333333
1401065,大谷公園,見沼区,大字大谷1750-5,街区,0.16,35.92726536111111,139.66815363888887
1801031,文蔵四丁目第二公園,南区,文蔵４丁目465-3,街区,0.01,35.837398255555556,139.66832286388887
1801007,御嶽公園,南区,南浦和２丁目582,街区,0.28,35.84992241388889,139.66861554444444
1401111,大谷松原公園,見沼区,大字大谷1664-8,街区,0.01,35.925376275,139.6686269861111
1401136,御蔵白岡公園,見沼区,大字御蔵129-10,街区,0.05,35.91261959722222,139.6688297111111
1822004,文蔵郷前緑道,南区,文蔵２丁目1668,緑道,0.13,35.84265355833334,139.668981275
1401015,御蔵南公園,見沼区,大字御蔵1149,街区,0.23,35.89978923333333,139.66908136944443
1401132,風の子公園,見沼区,風渡野１丁目４－１,街区,0.11,35.9384,139.66936
1801020,文蔵四丁目第一公園,南区,文蔵４丁目80,街区,0.04,35.83979500833333,139.66949460833334
1901037,三葉公園,緑区,大字三室888,街区,0.09,35.88874,139.66959
1801060,文蔵二丁目公園,南区,文蔵２丁目1571-5,街区,0.01,35.84133115,139.66961045
1801001,葉根木公園,南区,南浦和１丁目605,街区,0.16,35.85408746388889,139.6696234222222
1401062,南平台第１公園,見沼区,大字大谷240-29,街区,0.02,35.92095129444444,139.67003557777778
1401063,南平台第２公園,見沼区,大字大谷280-2,街区,0.01,35.92109088333333,139.67034655555554
1804001,浦和記念公園,南区,大谷場１丁目地内,総合,,35.85792,139.6705
1801015,水深公園,南区,文蔵１丁目1,街区,0.18,35.845406625,139.67056686666666
1401108,新堤西公園,見沼区,大字新堤37-18,街区,0.01,35.930838530555555,139.67100490277778
1901068,道祖土４丁目第二公園,緑区,道祖土４丁目14-5,街区,0.01,35.87521989722222,139.67108056666666
1901066,三室ふれあいパーク,緑区,大字三室1137-1,街区,0.1,35.88384,139.67109
1801011,文蔵公園,南区,文蔵５丁目378,街区,0.2,35.83515,139.67153
1801002,浦和弁天公園,南区,南浦和２丁目548,街区,0.17,35.84776461111112,139.6716840722222
1801004,大谷場公園,南区,南浦和２丁目591,街区,0.22,35.85105866944445,139.67168491666666
1401138,風の子第二公園,見沼区,風渡野１丁目７－１,街区,0.3,35.93551,139.67176
1401044,深作公園,見沼区,深作２丁目15-3,街区,0.07,35.95158,139.67191
1401019,大宮戸崎公園,見沼区,深作２丁目36,街区,0.16,35.94893673611111,139.67221161666666
1801023,文蔵五丁目第一公園,南区,文蔵５丁目309,街区,0.07,35.835717897222224,139.67237
1901051,原前公園,緑区,大字三室984-1,街区,0.19,35.88545925277778,139.6724451861111
1901010,原山公園,緑区,原山３丁目101,街区,0.08,35.87343656388889,139.67253339444443
1901064,原山一丁目公園,緑区,原山１丁目385-5,街区,0.02,35.86869,139.67263
1401086,新川西公園,見沼区,大字風渡野78-3,街区,0.05,35.934915294444444,139.6727734972222
1901063,小太田公園,緑区,原山３丁目134,街区,0.13,35.87131,139.67285
1822005,文蔵緑道,南区,文蔵３丁目8-3,緑道,0.07,35.84130445,139.673071175
1801009,もみじ公園,南区,南浦和３丁目859,街区,0.11,35.84641675,139.67317325833332
1401052,日生住宅公園,見沼区,大字大谷724-52,街区,0.07,35.918267888888884,139.67328361388888
1901030,大古里公園,緑区,大字三室636-21,街区,0.06,35.89112429722222,139.67355215277777
1801033,文蔵五丁目第二公園,南区,文蔵５丁目408-4,街区,0.01,35.83395,139.6736
1801032,文蔵三丁目第二公園,南区,文蔵３丁目5-8,街区,0.01,35.84137,139.67362
1901031,西宿公園,緑区,大字三室1299-3,街区,0.04,35.88077409444445,139.67366785833332
1901020,原山南公園,緑区,原山１丁目379-9,街区,0.16,35.86799,139.67376
1901047,道祖土第一公園,緑区,道祖土３丁目434-1,街区,0.09,35.877974019444444,139.67376074722222
1801073,南浦和陸橋下公園,南区,南浦和３丁目995-3,街区,0.03,35.84395,139.67391
1801085,太田窪四丁目公園,南区,太田窪4-1515-2,街区,0.32,35.85774096944444,139.67397989999998
1801008,さくら公園,南区,南浦和３丁目849,街区,0.27,35.844363505555556,139.67434309166666
1822003,大谷口緑道,南区,大字大谷口583-15,緑道,0.23,35.86581,139.67459
1412001,市営霊園,見沼区,大字大谷574-1,墓園,27.14,35.91627606111111,139.67473649166666
1801045,文蔵フィットネス広場,南区,文蔵３丁目327,街区,0.41,35.83721885277778,139.6749983722222
1901054,道祖土４丁目第一公園,緑区,道祖土４丁目561-3,街区,0.01,35.87487,139.67521
1801029,太田窪五丁目公園,南区,太田窪５丁目394-24,街区,0.02,35.85564,139.67522
1901046,北宿南公園,緑区,大字三室2618-1,街区,0.3,35.88695550833333,139.67525342222223
1801049,大谷場２丁目第一公園,南区,大谷場２丁目323-58,街区,0.02,35.85252,139.67529
1801003,舟山公園,南区,南浦和３丁目869,街区,0.75,35.84740506388889,139.6754115472222
1901022,原山四丁目公園,緑区,原山４丁目173-30,街区,0.01,35.86833,139.67577
1801053,文蔵南公園,南区,文蔵５丁目498-1,街区,0.14,35.835398861111116,139.6758274111111
1901008,諏訪入公園,緑区,太田窪３丁目1095,街区,0.18,35.86197529722222,139.6760270861111
1901034,不動谷公園,緑区,大字中尾499-11,街区,0.01,35.87647,139.6763
1801086,太田窪ふれあい公園,南区,太田窪5丁目1609-5,街区,0.01,35.85639467222222,139.67633783055555
1901029,北宿公園,緑区,大字三室2391-8,街区,0.07,35.88946193611111,139.67640893333333
1401055,神宮台第１公園,見沼区,大字東宮下654-37,街区,0.09,35.93351323333333,139.6764254361111
1401112,上ノ宮公園,見沼区,大字風渡野1-6,街区,0.02,35.9370815,139.6764813361111
1401056,神宮台第２公園,見沼区,大字東宮下619-1,街区,0.07,35.93196819722222,139.67672516666667
1401026,宮ヶ谷塔陸橋下公園,見沼区,大字宮ヶ谷塔195-4,街区,0.17,35.94248,139.67714
1401074,卸町公園,見沼区,卸町１丁目25,街区,0.4,35.94879302499999,139.67716074999998
1401119,卸町２丁目公園,見沼区,卸町２丁目42-5,街区,0.02,35.952250858333336,139.67755224166666
2031030,関白神社こども広場,岩槻区,大字平林寺９２６、９２５,子供,0.02,35.96944155277778,139.6780483611111
1401101,上綾公園,見沼区,卸町２丁目6-3,街区,0.18,35.94937527222222,139.67805427222223
1801051,太田窪新田公園,南区,大字太田窪2050-8,街区,0.01,35.85283,139.67845
1901073,駒前ふれあい公園,緑区,大字中尾3645,街区,0.17,35.87778450277778,139.6784700972222
1901086,三室南宿すこやか公園,緑区,大字三室字南宿７１４９,街区,0.1,35.883170058333334,139.67892479166665
1801021,細野公園,南区,大字大谷口1190-33,街区,0.01,35.85981,139.67906
1901050,不動谷第二公園,緑区,大字中尾309-53,街区,0.02,35.87313,139.67954
1921002,見沼臨時グランド,緑区,大字新宿224,都緑,2.67,35.89291334166666,139.6795418111111
1901075,原山４丁目第一公園,緑区,原山４丁目314-9,街区,0.03,35.86778,139.67971
1801016,大谷口細野公園,南区,大字大谷口988,街区,0.34,35.8602247,139.68020688055555
1404001,七里総合公園,見沼区,大字大谷（元加田屋新田分）字八石483-1,総合,6.6,35.92355,139.680369
1901079,三室南宿なかよし公園,緑区,大字三室7161,街区,0.13,35.882684886111115,139.6813428861111
1401035,膝子公園,見沼区,大字膝子795-1,街区,0.13,35.92418,139.68163
2031022,箕輪久伊豆神社こども広場,岩槻区,大字箕輪１４４－１,子供,0.01,35.95825253333334,139.68191240833332
1801093,大谷口細野第二公園,南区,大字大谷口字細野865-44,街区,0.03,35.86478,139.68198
2001030,並木第二公園,岩槻区,並木２丁目3143-7,街区,0.01,35.95042334166667,139.6822232111111
1901023,駒前第二公園,緑区,大字中尾1140-27,街区,0.01,35.87609,139.68224
1901049,馬場西公園,緑区,馬場１丁目24,街区,0.31,35.887701883333335,139.6823092361111
1901092,三室第一公園,緑区,大字三室字東宿2036－12,街区,0.05,35.8855065208554,139.682420094482
1402007,東宮下親水公園,見沼区,東宮下２丁目182,近隣,1.07,35.933045549999996,139.68263099444442
1421003,大谷ホタルの里,見沼区,大字大谷917-1,都緑,0.75,35.91858870833333,139.6827172611111
1901065,松木西公園,緑区,松木１丁目24,街区,0.41,35.88103423055556,139.68282183888888
1901060,中尾緑島公園,緑区,大字中尾2415-5,街区,0.01,35.86519679166667,139.68285378333331
1901033,駒形第二公園,緑区,大字中尾1174-8,街区,0.01,35.876353486111114,139.682932
2001024,並木下公園,岩槻区,並木１丁目420-13,街区,0.07,35.944671380555555,139.68335079722223
2001029,並木第一公園,岩槻区,並木２丁目3073-6,街区,0.09,35.948033877777775,139.68348665833335
1801083,太田窪善前公園,南区,大字太田窪字善前南２３７２－４４,街区,0.02,35.85479219444444,139.68355713055556
1401040,染谷ふれあい公園,見沼区,染谷３丁目88-1,街区,0.23,35.91039,139.68371
2001020,県住宅供給公社公園,岩槻区,加倉２丁目410-9,街区,0.05,35.943411738888884,139.6837583
1801025,不動入公園,南区,大字太田窪2244-143,街区,0.15,35.84975356666667,139.68419544166667
1801079,広ヶ谷戸子供広場,南区,大字広ヶ谷戸5001、524,街区,0.08,35.86007,139.68452
2001009,西原児童公園,岩槻区,西原台２丁目4056-4,街区,0.23,35.94921,139.68485
1801034,善前南第二公園,南区,大字太田窪2412-15,街区,0.01,35.85495,139.68497
1901006,駒前公園,緑区,大字中尾983,街区,0.33,35.870092436111115,139.68524989166667
2001047,加倉高架下こども広場,岩槻区,加倉２丁目1528-1,街区,0.17,35.94457888611111,139.6854416888889
1441002,膝子八幡神社児童遊園,見沼区,膝子６２３,民間,0.11,35.92326,139.68585
1901009,芝原西公園,緑区,芝原１丁目24,街区,0.24,35.87841881388889,139.68631853333335
1901044,松木南公園,緑区,松木２丁目25,街区,0.31,35.88137854722222,139.6863910361111
2021002,西町緑地,岩槻区,西町３丁目4706-1,都緑,0.65,35.95266,139.68685
1401104,下里公園,見沼区,東宮下１丁目244-3,街区,0.05,35.93152706944444,139.68685075555555
1401058,光徳寺公園,見沼区,大字膝子306-1,街区,0.04,35.91955,139.68703
2001056,緑ヶ丘公園,岩槻区,大字岩槻5123-1,街区,0.18,35.957441925000005,139.68718583333333
2031027,掛公民館こども広場,岩槻区,大字掛３１６－１,子供,0.01,35.97088,139.68734
1901074,中尾第三公園,緑区,東浦和第二土地区画整理事業地内,街区,0.32,35.87106,139.6876
1801044,篠堤公園,南区,大字大谷口5155,街区,0.21,35.85764815277778,139.68777711944446
1841002,太田窪氷川神社児童遊園,南区,太田窪字大島２７６７,民間,0.03,35.85118,139.68797
1801038,善前南公園,南区,大字太田窪3204,街区,0.25,35.85535589166667,139.6881818888889
2031008,谷下久伊豆神社こども広場,岩槻区,大字谷下２２６－１,子供,0.03,35.931936577777776,139.68828828888888
1901045,馬場東公園,緑区,馬場２丁目28,街区,0.74,35.890882519444446,139.68829762777779
2001054,西町２丁目第二公園,岩槻区,西町２丁目4639-17,街区,0.04,35.95297546388889,139.68836435277777
1401140,染谷公園,見沼区,染谷２丁目157外,街区,0.23,35.91009,139.68861
1901040,松木東公園,緑区,松木３丁目18-1,街区,0.19,35.884653247222225,139.68872610555556
1901014,芝原北公園,緑区,芝原１丁目7,街区,0.27,35.880673716666664,139.6887831777778
1901041,中尾第二公園,緑区,大字中尾3077,街区,0.3,35.867855202777776,139.68879372777778
2031006,加倉公民館こども広場,岩槻区,加倉４－１９,子供,0.03,35.94296,139.68928
2031015,天満宮こども広場,岩槻区,大字本宿３２７,子供,0.03,35.96681,139.68988
1901087,水深西公園,緑区,大字大間木3丁目14番1,街区,0.29,35.87664173333334,139.68990130833333
1901028,駒形第一公園,緑区,大字中尾1534-51,街区,0.02,35.87173,139.69007
1801019,大島台公園,南区,大字太田窪2634,街区,0.05,35.85264250833333,139.690231625
1801064,善前南第三公園,南区,大字大谷口1868-14,街区,0.01,35.85455,139.69039
1901004,宮本第一公園,緑区,宮本１丁目4,街区,0.23,35.88826553888889,139.69075616111112
1902002,松芝公園,緑区,芝原２丁目4-2,近隣,1.07,35.88245,139.69087
1901072,水深中央公園,緑区,大間木3丁目28-1,街区,0.27,35.87722007777778,139.69092136944445
2001045,西町２丁目第一公園,岩槻区,西町２丁目4639-9,街区,0.07,35.953082988888895,139.69099706666668
2001010,西町児童公園,岩槻区,西町５丁目5827-5,街区,0.16,35.955042902777784,139.691203625
1901001,中丸公園,緑区,大字中尾2275,街区,0.29,35.86587,139.69148
1901005,宮本第二公園,緑区,松木３丁目39,街区,0.21,35.88507501944444,139.69155281666667
1821002,大谷口公園,南区,大字大谷口5736-1,都緑,3.06,35.85348229722222,139.69160631666668
1901021,中尾第一公園,緑区,大字中尾2021,街区,0.12,35.86858806666667,139.6917299138889
2002002,北部工業団地記念公園,岩槻区,古ヶ場１丁目2-1,近隣,1.97,35.97792665277778,139.69183060555557
2001060,加倉ふれあい公園,岩槻区,加倉5丁目1056-2,街区,0.49,35.938643513888884,139.69209229166668
2001041,江川第三公園,岩槻区,江川区画整理事業地内１０５街区１２画地,街区,0.12,35.96373,139.69233
1821001,見沼桜橋緑地,南区,大字大谷口5736-3,都緑,0.04,35.85259,139.69246
2031020,北辰神社こども広場,岩槻区,大字横根６５６－２,子供,0.01,35.92886,139.69275
1822007,フラワーロード,南区,大字円正寺365-2,緑道,1.26,35.85113,139.69287
2031023,八雲神社こども広場,岩槻区,本町１－１５－６,子供,0.02,35.94568,139.69289
1901094,水深南公園,緑区,大間木2丁目8-2,街区,0.23,35.8751307060645,139.69290805215
1801022,大谷口向公園,南区,大字大谷口2273-10,街区,0.02,35.8586,139.69292
1901002,宮本第三公園,緑区,宮本２丁目14,街区,0.19,35.88731446111111,139.6932188
2013001,岩槻駅前広場,岩槻区,本町３丁目1-3,広場,0.05,35.95002113611111,139.69342353333334
2001018,大日本開発岩槻団地公園,岩槻区,加倉４丁目1720-27,街区,0.05,35.94239774444444,139.69348153055557
1801056,円正寺第一公園,南区,大字円正寺508,街区,0.38,35.851159108333334,139.693632175
1802002,明花公園,南区,大字大谷口5732,近隣,1.1,35.85459341111111,139.6937845888889
1901091,大間木１丁目第一公園,緑区,内谷・会ノ谷特定土地区画整理事業１１街区,街区,0.18,35.87262,139.6938
1801039,東中尾公園,南区,大字大谷口5226,街区,0.25,35.862392058333334,139.69404663333333
1401081,若林公園,見沼区,片柳１丁目262-52,街区,0.03,35.897802705555556,139.69422035833333
1902003,見沼氷川公園,緑区,大字見沼500,近隣,2.34,35.88585,139.69434
1901003,宮本第四公園,緑区,宮本１丁目21,街区,0.21,35.89056089444444,139.69437403611113
1901007,芝原中央公園,緑区,芝原３丁目7,街区,0.27,35.87893176666667,139.69449956111112
2001039,江川第一公園,岩槻区,江川区画整理事業地内５街区９画地,街区,0.13,35.96784,139.69458
1822002,円正寺緑道,南区,大字円正寺541,緑道,0.23,35.852835705555556,139.69464715
1901038,西台第一公園,緑区,大字上野田（元染谷分）字西谷637-10,街区,0.02,35.90898476666666,139.69474400833334
2001040,江川第二公園,岩槻区,江川区画整理事業地内４０街区６画地,街区,0.13,35.96454,139.69491
1901018,尾間木内谷公園,緑区,東浦和８丁目15-1,街区,0.26,35.868860169444446,139.6952816638889
1801037,浦和向公園,南区,大字大谷口5461,街区,0.65,35.85689,139.69545
2001005,白水児童公園,岩槻区,古ヶ場２丁目5,街区,0.25,35.980152275,139.69552734166666
1901036,鍵田公園,緑区,東浦和２丁目53-1,街区,0.15,35.860249144444445,139.69563796111112
1901093,大間木１丁目第二公園,緑区,内谷・会ノ谷特定土地区画整理事業２９街区,街区,0.2,35.8727594785239,139.695714410716
1901056,大間木内谷公園,緑区,大字大間木706-14,街区,0.01,35.87215968333334,139.69596209722224
1901017,芝原東公園,緑区,芝原２丁目23,街区,0.26,35.88233323055556,139.69597376944444
2031009,新町公民館こども広場,岩槻区,本町２－１－１２,子供,0.01,35.94721,139.69611
2001006,鷲宮児童公園,岩槻区,上野６丁目6-7,街区,0.19,35.97772,139.69641
2001066,原町ふれあい公園,岩槻区,原町1622番5,街区,0.05,35.93969,139.69642
2031029,原町こども広場,岩槻区,大字柏崎１７１３－２,子供,0.03,35.938448441666665,139.696427925
1921004,馬堤緑地,緑区,東浦和２丁目74-4,都緑,0.03,35.8629,139.69667
2001057,愛宕ふれあい広場,岩槻区,愛宕町2692-39,街区,0.06,35.95518042222223,139.69685202222223
1901059,新見沼大橋スポーツ広場,緑区,大字見沼318-2,街区,1.21,35.88182537777778,139.69704997222223
2031018,"鹿室土地改良区
こども広場",岩槻区,大字鹿室６４０－４,子供,0.02,35.99731,139.69735
1904002,見沼自然公園(さぎ山記念公園内),緑区,大字南部領辻450-1,総合,10.92,35.90516,139.69736
1901013,芝原南公園,緑区,芝原３丁目28,街区,0.22,35.87887966666667,139.69773259444446
1901043,大北公園,緑区,東浦和３丁目20-1,街区,0.17,35.86705046666667,139.69782694166668
2023001,上野緑地,岩槻区,上野１丁目19-10,"緩衝
緑地",0.25,35.97095,139.69785
1901061,馬堤公園,緑区,東浦和２丁目48-5,街区,0.16,35.861041452777776,139.69788267777778
2031002,三峰神社こども広場,岩槻区,本町４－９－８,子供,0.03,35.94721,139.69792
1901062,井沼方南公園,緑区,東浦和２丁目32-1,街区,0.05,35.8590885,139.6986547777778
1901032,梅所第三公園,緑区,大字大牧1446-45,街区,0.03,35.87772242222222,139.69892468333333
2001051,裏小路公園,岩槻区,本町４丁目217-1,街区,0.09,35.950213850000004,139.69943585000001
2001042,江川第四公園,岩槻区,江川区画整理事業地内２８街区,街区,0.2,35.96503,139.69957
1901011,赤堀公園,緑区,東浦和４丁目31-1,街区,0.3,35.86997394722222,139.69957440555555
1904001,さぎ山記念公園,緑区,大字上野田362-1,総合,4.35,35.90687,139.69963
1901015,東谷公園,緑区,東浦和２丁目2-1,街区,0.26,35.86319593333334,139.7003813861111
2001007,松山児童公園,岩槻区,上野２丁目11-1,街区,0.25,35.97211423611111,139.70039558888888
2001008,上野南児童公園,岩槻区,上野１丁目10-14,街区,0.25,35.96912024444445,139.70051126388887
2031003,秋葉神社こども広場,岩槻区,仲町１－１－１２,子供,0.04,35.945891,139.700581
1902004,井沼方公園,緑区,東浦和２丁目15-1,近隣,1.16,35.862017908333335,139.70098349999998
2001011,大同新正寺公園,岩槻区,本丸１丁目7054-56,街区,0.15,35.95464433055556,139.7012180472222
1901027,梅所第二公園,緑区,東浦和７丁目46-23,街区,0.07,35.87220679722222,139.70124318888887
1902001,東浦和中央公園,緑区,東浦和４丁目4-1,近隣,1.67,35.86550751111111,139.7012736861111
2001050,岩槻東町２丁目第一公園,岩槻区,東町２丁目471-13,街区,0.01,35.94280891944444,139.70200665
2031014,白山神社こども広場,岩槻区,大字鹿室１１２４,子供,0.03,35.98939,139.70239
2001059,慈恩寺第二公園,岩槻区,大字慈恩寺字山口546-16,街区,0.05,35.983576408333334,139.70244881666665
2001028,岩槻斉木ハイツ公園,岩槻区,太田１丁目238-23,街区,0.02,35.95257,139.70297
2001052,宮の杜ふれあい公園,岩槻区,宮町2丁目427-1,街区,0.16,35.957945575000004,139.70298034722222
1901026,梅所第一公園,緑区,東浦和７丁目36-9,街区,0.31,35.872913225,139.70301778055554
2001031,上野東公園,岩槻区,大字上野69-5,街区,0.02,35.96758860277778,139.70304676944443
2001019,グリーンクレスト公園,岩槻区,大字裏慈恩寺104-22,街区,0.09,35.9794556,139.70324450277778
2001043,江川第五公園,岩槻区,江川土地区画整理事業地内,街区,0.36,35.96203,139.70327
1901053,和田公園,緑区,東浦和７丁目15-1,街区,0.25,35.86997779722222,139.70341050555555
2001067,仲町りんどう公園,岩槻区,仲町２丁目404番1,街区,0.56,35.944330599999994,139.70354606388887
2001058,慈恩寺第一公園,岩槻区,大字慈恩寺字山口546-12,街区,0.04,35.983674102777776,139.7038520638889
1922001,見沼代用水西縁緑道,緑区,大字大牧372-2,緑道,0.16,35.86156338055556,139.70423188333334
2001044,表慈恩寺西公園,岩槻区,大字表慈恩寺1374-6,街区,0.05,35.974350022222225,139.70456719444442
2001023,群峰団地公園,岩槻区,本丸２丁目7027-82,街区,0.07,35.957000436111116,139.70473160833333
1901048,東浦和南公園,緑区,東浦和１丁目19-1,街区,0.18,35.86245833611111,139.7047450972222
2031026,正蔵院こども広場,岩槻区,大字真福寺４６６－３,子供,0.05,35.93419328333333,139.70494144999998
1921005,大間木氷川緑地,緑区,東浦和5丁目20-4,都緑,0.1,35.867074897222224,139.70497162222222
2002001,岩槻諏訪公園,岩槻区,諏訪４丁目4,近隣,2.16,35.96906,139.70535
2001016,大同東野公園,岩槻区,本丸２丁目276-360,街区,0.22,35.956563369444446,139.70556420833333
2001049,宮町児童公園,岩槻区,宮町２丁目14,街区,0.25,35.95976,139.70612
2001025,大同新宮町公園,岩槻区,宮町２丁目7229-56,街区,0.02,35.95884,139.70613
1901012,大六天公園,緑区,東浦和５丁目30-1,街区,0.21,35.86926,139.70645
2001033,城南二丁目公園,岩槻区,城南２丁目153-22,街区,0.01,35.94235,139.70646
1901042,女躰下公園,緑区,東浦和６丁目23-4,街区,0.17,35.87478261111111,139.7064721972222
2031007,住吉神社こども広場,岩槻区,仲町２－１３－８,子供,0.02,35.94723,139.70669
1901055,大間木附島公園,緑区,大字大間木1597-2,街区,0.01,35.860428069444445,139.70679358888887
1901052,吉場公園,緑区,東浦和５丁目5-8,街区,0.22,35.865518430555554,139.706815175
2031019,笹久保新田浅間神社こども広場,岩槻区,大字笹久保新田１０６２－３,子供,0.03,35.91609,139.70697
1904004,見沼通船堀公園,緑区,大字大間木1506,総合,0.66,35.863126,139.707556
2001002,かなりや児童公園,岩槻区,東岩槻３丁目9,街区,0.25,35.964075819444446,139.7076596361111
2001048,城町竹林公園,岩槻区,城町１丁目6,街区,0.32,35.94522,139.70882
1904003,大間木公園（見沼通船堀公園内）,緑区,大字大間木1947,総合,4.7,35.863771408333335,139.70945864722222
2001001,ひばり児童公園,岩槻区,諏訪２丁目4,街区,0.26,35.96897730277778,139.7096276972222
2001032,太田二丁目公園,岩槻区,太田２丁目269-211,街区,0.01,35.95386704166667,139.710132375
1941006,八丁稲荷児童遊園,緑区,大間木字八丁1914,民間,0.03,35.86191,139.71034
2004001,岩槻城址公園,岩槻区,太田３丁目1-1,総合,17.84,35.95137,139.71036
2031005,府内浅間神社こども広場,岩槻区,府内１－６,子供,0.02,35.94342,139.71038
2032001,元荒川サイクリング道路,岩槻区,大字掛地内～大字村国地内,その他,,35.95831,139.71053
1911001,浦和くらしの博物館民家園,緑区,大字下山口新田1179-1,歴史,1.74,35.878061205555554,139.71069031666664
2001022,グリーンタウン公園,岩槻区,本丸４丁目488-26,街区,0.29,35.955985322222226,139.71090044166667
2031010,浮谷神社こども広場,岩槻区,大字浮谷１５３,子供,0.01,35.92765161944444,139.710931725
2001027,深町公園,岩槻区,大字南平野576-4,街区,0.02,35.96019,139.71218
2001004,うぐいす児童公園,岩槻区,東岩槻５丁目12,街区,0.17,35.960486888888894,139.71264738055555
2001034,南平野第一公園,岩槻区,南平野1丁目32,街区,0.2,35.95789717777778,139.71290441666665
2001021,東急団地公園,岩槻区,府内２丁目923-6,街区,0.27,35.94483,139.71296
1901080,美園１丁目第一公園,緑区,美園1丁目4,街区,0.2,35.908536375,139.71344192777778
1903001,大崎公園,緑区,大字大崎3156-1,地区,4.8,35.884165,139.714057
2001035,南平野第二公園,岩槻区,南平野3丁目5,街区,0.2,35.95596441666667,139.7147667861111
1905001,埼玉スタジアム２００２公園,緑区,大字中野田、玄蕃新田、高畑、南部領辻、大崎地内,運動,30.4,35.90309,139.71559
1901082,美園１丁目第二公園,緑区,美園１丁目27,街区,0.21,35.90809,139.71631
2002003,慈恩寺親水公園,岩槻区,大字小溝459-1,近隣,3.3,35.97944,139.71646
2001003,こばと児童公園,岩槻区,東岩槻６丁目7,街区,0.24,35.96162744166667,139.71648451666667
2001036,南平野第三公園,岩槻区,南平野3丁目30,街区,0.15,35.95095717777778,139.71680163611111
2031011,八幡神社こども広場,岩槻区,大字笹久保８１０－１,子供,0.04,35.92311,139.71748
2002005,南平野公園,岩槻区,南平野2丁目26,近隣,2.58,35.9557,139.71824
2001038,南平野第五公園,岩槻区,南平野2丁目5,街区,0.24,35.958519486111115,139.71930444444445
2021009,南平野緑地,岩槻区,南平野4丁目16,都緑,0.03,35.95198,139.71961
2001037,南平野第四公園,岩槻区,南平野5丁目3,街区,0.21,35.95004434444445,139.71985059166667
2001014,東都住宅児童公園,岩槻区,大字徳力579-23,街区,0.04,35.96915,139.72015
2001053,南平野第六公園,岩槻区,南平野2丁目33,街区,0.03,35.95774,139.72049
1901067,間宮ふれあい公園,緑区,大字間宮703,街区,0.61,35.88562,139.72065
1941008,明照寺児童遊園,緑区,中野田字島ノ前1669,民間,0.08,35.89527,139.72075
2004002,岩槻文化公園,岩槻区,大字村国229,総合,12.16,35.944539,139.721724
2001012,ドリームパーク,岩槻区,大字小溝26-184,街区,0.07,35.97602486388889,139.72292434444444
1921006,下野田緑地,緑区,大字下野田地内,都緑,0.97,35.89233,139.72348
2001017,堀割公園,岩槻区,大字小溝921-312,街区,0.04,35.982853633333335,139.72356513055556
1901081,美園西口ふれあい公園,緑区,浦和東部第一特定土地区画整理事業９３街区,街区,0.19,35.89207,139.72391
2031021,村国久伊豆神社こども広場,岩槻区,大字村国６０６,子供,0.03,35.94155,139.72403
1902007,美園台公園,緑区,浦和東部第一特定土地区画整理事業地内,近隣,0.99,35.89529,139.72435
2001013,バス公園,岩槻区,大字小溝97-154,街区,0.06,35.97729145833333,139.72445572777778
2001026,ニコニコ公園,岩槻区,大字小溝2-5,街区,0.02,35.97198,139.72468
2021008,元荒川緑地多目的広場,岩槻区,大字村国229,都緑,0.84,35.94325,139.72475
2001015,三角公園,岩槻区,大字小溝163-2,街区,0.09,35.97977668055556,139.7248488638889
1901084,美園３丁目第二公園,緑区,美園３丁目２１,街区,0.26,35.897089825,139.72570953888888
1921008,美園３丁目緑地,緑区,美園３丁目22,都緑,0.05,35.897703066666665,139.7257760611111
1901085,大門上中央公園,緑区,大門上・下野田特定土地区画整理事業49街区,街区,0.75,35.88816,139.72598
2031028,尾ヶ崎こども広場,岩槻区,大字尾ヶ崎１８２５,子供,0.01,35.91715,139.72609
2021001,元荒川緑地,岩槻区,大字村国地内,都緑,,35.94301,139.72615
2002004,和土住宅公園,岩槻区,大字黒谷636-1,近隣,1.2,35.92592,139.72701
1901095,大門上みなみ公園,緑区,大門上・下野田特定土地区画整理事業７２街区,街区,0.17,35.8837722569418,139.727197803904
2001061,美園東３丁目公園,岩槻区,美園東3丁目17,街区,0.16,35.90579542222222,139.72827824722222
2003001,川通公園,岩槻区,大字長宮825-5,地区,4.39,35.95216,139.728309
1901071,氷川下子供広場,緑区,大字間宮158-2,街区,0.03,35.880806325,139.7284820361111
1921012,美園５丁目第三緑地,緑区,美園5丁目53,都緑,0.12,35.89191,139.72881
1901083,美園３丁目第一公園,緑区,美園３丁目4,街区,0.14,35.89968069444444,139.72977554722223
2001064,美園東２丁目第一公園,岩槻区,美園東２丁目4,街区,0.18,35.90091763333333,139.72981259722224
1901035,大門東裏公園,緑区,大字大門2881-20,街区,0.01,35.884918569444444,139.73031844166667
2001062,美園東２丁目第三公園,岩槻区,美園東2丁目42,街区,0.17,35.90379,139.73044
1921011,美園５丁目第二緑地,緑区,美園5丁目52,都緑,0.12,35.88896,139.73121
1902006,浦和美園４丁目公園,緑区,美園4丁目4,近隣,1.3,35.89622428888889,139.7319470388889
1921010,美園６丁目第二緑地,緑区,美園６丁目33,都緑,0.01,35.88801,139.73202
1901070,美園６丁目第二公園,緑区,美園6丁目31,街区,0.25,35.88791741944444,139.73244399166666
2001065,美園東２丁目第二公園,岩槻区,美園東２丁目29,街区,0.18,35.90171526111111,139.73250303611113
1901078,美園５丁目第二公園,緑区,美園5丁目42,街区,0.17,35.893744777777776,139.73364866666665
1901088,大門第一公園,緑区,大字大門2966番13,街区,0.03,35.88349,139.73378
2021007,元荒川右岸川辺,岩槻区,大字末田2878-1,都緑,0.17,35.92936641944444,139.734520025
1901089,大門南行谷公園,緑区,大字大門1285番外,街区,0.2,35.88124,139.73515
1901076,美園６丁目第一公園,緑区,美園6丁目17,街区,0.23,35.88548253333333,139.73537791388887
1921009,美園５丁目第一緑地,緑区,美園５丁目4,都緑,0.06,35.89403,139.73566
1921003,大門１丁目緑地,緑区,大門１丁目4-2,都緑,0.34,35.88361,139.73572
2001063,美園東１丁目公園,岩槻区,美園東１丁目24-1,街区,0.2,35.900114377777776,139.73586571666667
1921007,美園６丁目第一緑地,緑区,美園6丁目4,都緑,0.06,35.888955027777776,139.7359173861111
1901069,美園５丁目第一公園,緑区,美園5丁目27,街区,0.17,35.89130844722222,139.7363897
2021010,美園東１丁目緑地,岩槻区,美園東１丁目9-1外,都緑,0.02,35.89807906944444,139.73642985555554
2021003,つきのきの広場,岩槻区,大字新方須賀1172-1,都緑,0.44,35.92935,139.73662
2021004,かわかぜの木陰,岩槻区,大字末田無地番,都緑,0.22,35.92754,139.73695
1901039,大門坂下公園,緑区,東大門１丁目9,街区,0.28,35.882424730555556,139.73738116388887
2031013,稲荷神社こども広場,岩槻区,大字高曽根９４０－１，２,子供,0.03,35.92043,139.73767
2001055,釣上新田第一公園,岩槻区,大字釣上新田1504-12,街区,0.06,35.89808017222222,139.7380329222222
2021006,元荒川左岸川辺,岩槻区,大字新方須賀無地番,都緑,0.23,35.92869,139.7382
2031012,野孫神社こども広場,岩槻区,大字野孫６２３,子供,0.02,35.91325,139.73827
2031025,香取大明神こども広場,岩槻区,大字大口２５１,子供,0.05,35.94097916944444,139.7393013
1901016,外町西公園,緑区,東大門２丁目12,街区,0.21,35.88311722777778,139.73943110833332
2031031,"新方須賀香取神社
こども広場",岩槻区,大字新方須賀５４０－１,子供,0.02,35.93170863333333,139.73970515833332
2021005,みずおとの小道,岩槻区,大字新方須賀1036-3,都緑,0.15,35.93016,139.7401
2001046,大口公園,岩槻区,大字大口367-2,街区,0.02,35.943784674999996,139.74060990555554
2031017,鷲宮神社こども広場,岩槻区,大字末田１９６５－１,子供,0.02,35.92516,139.74183
1901019,外町東公園,緑区,東大門３丁目10,街区,0.27,35.88456203888889,139.74195360555555
1922002,伝右川右岸緑地,緑区,東大門３丁目無地番,緑道,0.06,35.88325,139.74431
2031004,神明神社こども広場,岩槻区,大字釣上２１９－１,子供,0.03,35.89651265277778,139.74622080833333
2006001,しらこばと公園,岩槻区,大字末田地内他,広域,22.9,35.91287,139.74661
2031024,大森公民館こども広場,岩槻区,大字大森１５１,子供,0.01,35.928842833333334,139.7467785833333
